00:03:35.337,,,,,,,,,,,,,,,
00:03:35.196,,,,,,,,,,,,,,,
00:03:35.056,,,,,,,,,,,,,,,
00:03:34.916,,,,,,,,,,,,,,,
00:03:34.776,,,,,,,,,,,,,,,
00:03:34.636,,,,,,,,,,,,,,,
00:03:34.495,,,,,,,,,,,,,,,
00:03:34.355,,,,,,,,,,,,,,,
00:03:34.215,,,,,,,,,,,,,,,
00:03:34.075,,,,,,,,,,,,,,,
00:03:33.935,,,,,,,,,,,,,,,
00:03:33.795,,,,,,,,,,,,,,,
00:03:33.654,,,,,,,,,,,,,,,
00:03:33.514,,,,,,,,,,,,,,,
00:03:33.374,,,,,,,,,,,,,,,
00:03:33.234,,,,,,,,,,,,,,,
00:03:33.094,,,,,,,,,,,,,,,
00:03:32.953,,,,,,,,,,,,,,,
00:03:32.813,,,,,,,,,,,,,,,
00:03:32.673,,,,,,,,,,,,,,,
00:03:32.533,,,,,,,,,,,,,,,
00:03:32.393,,,,,,,,,,,,,,,
00:03:32.252,,,,,,,,,,,,,,,
00:03:32.112,,,,,,,,,,,,,,,
00:03:31.972,,,,,,,,,,,,,,,
00:03:31.832,,,,,,,,,,,,,,,
00:03:31.692,,,,,,,,,,,,,,,
00:03:31.552,,,,,,,,,,,,,,,
00:03:31.411,,,,,,,,,,,,,,,
00:03:31.271,,,,,,,,,,,,,,,
00:03:31.131,,,,,,,,,,,,,,,
00:03:30.991,,,,,,,,,,,,,,,
00:03:30.851,,,,,,,,,,,,,,,
00:03:30.710,,,,,,,w,w,w,w,,,,,
00:03:30.570,,,,,,,,,,,,,,,
00:03:30.430,,,,,,,,,,,,,,,
00:03:30.290,,,,,,,,,,,,,,,
00:03:30.150,,,,,,,,,,,,,,,
00:03:30.010,,,,,,,,,,,,,,,
00:03:29.869,,,,,,,,,,,,,,,
00:03:29.729,,,,,,,,,,,,,,,
00:03:29.589,,,,,,,,,,,,,,,
00:03:29.451,,,,,,,,,,,,,,,
00:03:29.312,,,,,,,,,,,,,,,
00:03:29.174,,,,,,,,,,,,,,,
00:03:29.036,,,,,,,,,,,,,,,
00:03:28.894,,,,,,,,,,,,,,,
00:03:28.751,,,,,,,,,,,,,,,
00:03:28.609,,,,,,,,,,,,,,,
00:03:28.467,,,,,,,,,,e,,,,e,
00:03:28.323,,,,,,,,,,,,,,,
00:03:28.180,,,@3,,,,,,,,,,,,
00:03:28.036,,,,,,,,,,,,,,,
00:03:27.892,,,,x3,,,,,,,,,,,
00:03:27.742,,,,,,,,,,,,,,,
00:03:27.592,,,,,,,,,,,,,,,
00:03:27.442,,,,,,,,,,,,,,,
00:03:27.291,,,,,,,,,,,,,,,
00:03:27.133,,,,,,,,,,,,,,,
00:03:26.974,,,,x3,,,,,,,,,,,
00:03:26.816,,,,,,,,,,,,,,,
00:03:26.658,,,,,,,,,,,,,,,
00:03:26.508,,,,,,,,,,,,,,,
00:03:26.358,,,,,,,,,,,,,,,
00:03:26.209,,,,,,,,,,,,,,,
00:03:26.059,,,,,,,,,,,,,,,
00:03:25.917,,,,,,,,,,,,,,,
00:03:25.775,,,$^3,x3,,,,,,,,,,,
00:03:25.632,,,,,,,,,,,,,,,
00:03:25.490,,,,,,,,,,,,,,,
00:03:25.349,,,,,,,,,,,,,,,
00:03:25.209,,x3,,,,,,,,,,,,,
00:03:25.068,,,,,,,,,,,,,,,
00:03:24.927,,,,,,,,,,,,,,,
00:03:24.782,,,,,,,,,,,,,,,
00:03:24.637,,,x3,,,,,,,,,,,,
00:03:24.492,,,,,,,,,,,,,,,
00:03:24.347,,,,,,,,,,,,,,,
00:03:24.198,,,,,,,,,,,,,,,
00:03:24.049,,,,,,,,,,,,,,,
00:03:23.899,,,,,,,,,,,,,,,
00:03:23.750,,,,,x3,,,,,,,,,s,
00:03:23.599,,,,,,,,,,,,,,,
00:03:23.448,,@3,,,,,,,,,,,,e,
00:03:23.296,,,,,,,,,,,,,,,
00:03:23.145,,,,,,,,,,,,,,,
00:03:22.994,,,,,,,,,,,,,,,
00:03:22.844,,,,,,,,,,,,,,,
00:03:22.693,,,,,,,,,,,,,,,
00:03:22.542,,,,,,,,,,,,,,,
00:03:22.392,,,,,,,,,,,,,,,
00:03:22.242,,,,,,,,,,,,,,,
00:03:22.091,,,,,,,,,,,,,,,
00:03:21.941,,,,,,,,,,,,,,,
00:03:21.791,,,,,,,,,,,,,,,
00:03:21.642,,,,,,,,,,,,,,,
00:03:21.492,,,,,,,,,,,,,,,
00:03:21.342,,$^3,,,,,,,,,,,,,
00:03:21.193,,,,,,,,,,,,,,,
00:03:21.044,,,,,,,,,,,,,,,
00:03:20.894,,,,,,,,,,,,,,,
00:03:20.745,,,,,,,,,,,,,,s,
00:03:20.596,,,,,,,,,,,,,,,
00:03:20.447,,@3,,,,,,,,,,,,,
00:03:20.299,,,,,,,,,,,,,,e,
00:03:20.150,,,,,,,,,,,,,,,
00:03:19.998,,,,,,,,,,,,,,,
00:03:19.847,,,,,,,,,,,,,,,
00:03:19.696,,,,,,,,,,,,,,,
00:03:19.544,,,,,,,,,,,,,,,
00:03:19.390,,,,,,,,,,,,,,,
00:03:19.235,,,,,,,,,,,,,,,
00:03:19.080,,,,,,,,,,,,,,,
00:03:18.926,,^3,<3,,,,,,,,,,,,
00:03:18.771,,,,,,,,,,,,,,,
00:03:18.616,,,,,,,,,,,,,,,
00:03:18.462,,,,,,,,,,,,,,,
00:03:18.307,,,,,,,,,,,,,,,
00:03:18.152,,,,,,,,,,,,,,,
00:03:17.998,,,,,,,,,,,,,,,
00:03:17.843,,,,,,,,,,,,,,,
00:03:17.689,,,,,,,,,,,,,,,
00:03:17.534,,>3,^3,,,,,,,,,,,,
00:03:17.379,,,,,,,,,,,,,,,
00:03:17.225,,,,,,,,,,,,,,,
00:03:17.070,,,,,,,,,,,,,,,
00:03:16.915,,,,,,,,,,,,,,,
00:03:16.761,,,,,,,,,,,,,,,
00:03:16.606,,,,,,,,,,,,,,,
00:03:16.451,,$^3,,,,,,,,,,,,,
00:03:16.297,,,,,,,,,,,,,,,
00:03:16.142,,,,,,,,,,,,,,,
00:03:15.987,,,,,,,,,,,,,,,
00:03:15.833,,,x3,,,,,,,,,,,,
00:03:15.677,,,,,,,,,,,,,,s,
00:03:15.522,,,,,,,,,,,,,,,
00:03:15.366,,,,,,,,,,,,,,,
00:03:15.211,,,,@3,,,,,,,,,,e,
00:03:15.054,,,,,,,,,,,,,,,
00:03:14.896,,,,,,,,,,,,,,,
00:03:14.739,,,,,,,,,,,,,,,
00:03:14.582,,,,,,,,,,,,,,,
00:03:14.423,,,,,,,,,,,,,,,
00:03:14.265,,,,$^3,,,,,,,,,,,
00:03:14.106,,,,,,,,,,,,,,,
00:03:13.947,,,,,,,,,,,,,,,
00:03:13.787,,,,,,,,,,,,,,,
00:03:13.626,,,,,,,,,,,,,,,
00:03:13.466,,,,,,,,,,,,,,,
00:03:13.305,,,x3,,,,,,,,,,,,
00:03:13.141,,,,,,,,,,,,,,,
00:03:12.977,,,,,,,,,,,,,,,
00:03:12.814,,,,,,,,,,,,,,,
00:03:12.650,,,,,@3,,,,,,,,,,
00:03:12.483,,,,,,,,,,,,,,,
00:03:12.317,,,,,,,,,,,,,,,
00:03:12.151,,,,,,,,,,,,,,,
00:03:11.985,,,,>3,^3,,,,,,,,,,
00:03:11.819,,,,,,,,,,,,,,,
00:03:11.654,,,,,,,,,,,,,,,
00:03:11.489,,,,,,,,,,,,,,,
00:03:11.324,,,,$^3,,,,,,,,,,,
00:03:11.172,,,,,,,,,,,,,,,
00:03:11.020,,,,,,,,,,,,,,,
00:03:10.868,,,,,,,,,,,,,,,
00:03:10.716,,,x3,x3,,,,,,,,,,,
00:03:10.564,,,,,,,,,,,,,,,
00:03:10.413,,,x3,x3,,,,,,,,,,,
00:03:10.261,,,,,,,,,,,,,,,
00:03:10.109,,,,,,,,,,,e,e,e,,
00:03:09.928,,,,,,,,,,,,,,,
00:03:09.746,,,,@3,,,,,,,,,,,
00:03:09.565,,,,,,,,,,,,,,,
00:03:09.384,,,,,,,,,,,,,,,
00:03:09.191,,,,,,,,,,,,,,,
00:03:08.999,,,,,,,,,,,,,,,
00:03:08.806,,,,,,,e,e,,,,,,,
00:03:08.613,,,,,,,s,s,,,,,,,
00:03:08.426,,,,,,,,,,,,,,,
00:03:08.240,,,,^3,<3,,,,,,,,,,
00:03:08.053,,,,,,,,,,,,,,,
00:03:07.866,,,,,,,,,,,,,,,
00:03:07.680,,,,,,,,,,,,,,,
00:03:07.494,,,,,,,,,,,,,,,
00:03:07.309,,,,,,,,,,,,,,,
00:03:07.123,,,,,,,,,,,,,,,
00:03:06.940,,,,,,,,,,,,,,,
00:03:06.756,,,,,,,,,,,,,,,
00:03:06.573,,,,,,,,,,,,,,,
00:03:06.390,,,,>3,^3,,,,,,,,,,
00:03:06.208,,,,,,,,,,,,,,,
00:03:06.027,,,,,,,,,,,,,,,
00:03:05.845,,,,,,,e,e,,,,,,,
00:03:05.664,,,,,,,,,,,,,,,
00:03:05.566,,,,,,,,,,,,,,,
00:03:05.468,,,,,,,,,,,,,,,
00:03:05.371,,,,,,,,,,,,,,,
00:03:05.273,,,,,,,,,,,,,,,
00:03:05.174,,,,,,,,,,,,,,,
00:03:05.076,,,,$^3,,,,,,,,,,,
00:03:04.977,,,,,,,,,,,,,,,
00:03:04.879,,,,,,,,,,,,,,,
00:03:04.781,,,,,,,,,,,,,,,
00:03:04.684,,,,,,,,,,,,,,,
00:03:04.586,,,,,,,,,,,,,,,
00:03:04.489,r3,,,,,,,,,,,,,,
00:03:04.392,,,,,,,,,,,,,,,
00:03:04.295,,,,,,,,,,,,,,,
00:03:04.199,,,,,,,,,,,,,,,
00:03:04.102,,,,,,,,,,,s,s,s,,
00:03:04.006,,,,,,,,,,,,,,,
00:03:03.910,,,x3,,,,,,,,,,,,
00:03:03.814,,,,,,,,,,,,,,,
00:03:03.717,,,,,,,,,,,,,,,
00:03:03.621,,,,,,,,,,,,,,,
00:03:03.525,,,,,r3,,,,,,,,,,
00:03:03.429,,,,,,,,,,,,,,,
00:03:03.333,,,,,,,,,,,e,e,e,,
00:03:03.237,,,,,,,,,,,,,,,
00:03:03.141,,,,,,,,,,,,,,,
00:03:03.044,,,,,,,,,,,,,,,
00:03:02.948,,,x3,,,,,,,,,,,,
00:03:02.852,,,,,,,,,,,,,,,
00:03:02.756,,,,,,,,,,,,,,,
00:03:02.660,,,,,,,,,,,,,,,
00:03:02.564,,,,,,,,,,,,,,,
00:03:02.467,,,,,,,,,,,,,,,
00:03:02.371,x3,,,,,,,,,,,,,,
00:03:02.275,,,,,,,,,,,,,,,
00:03:02.179,,,,,,,,,,,,,,,
00:03:02.083,,,,,,,,,,,,,,,
00:03:01.987,,,,,,,,,,,,,,,
00:03:01.890,,,,,,,,,,,,,,,
00:03:01.794,,,,,,,,,,,,,,,
00:03:01.698,,,,,,,,,,,,,,,
00:03:01.602,,,x3,,,,,,,,,,,,
00:03:01.505,,,,,,,,,,,,,,,
00:03:01.409,,,,,,,,,,,,,,,
00:03:01.313,,,,,,,,,,,,,,,
00:03:01.216,,,,,,,,,,,,,,,
00:03:01.120,,,,,,,,,,,,,,,
00:03:01.023,,,,,,,,,,,s,s,s,,
00:03:00.927,,,,,,,,,,,,,,,
00:03:00.830,,@3,,,,,,,,,,,,,
00:03:00.734,,,,,,,,,,,,,,,
00:03:00.637,,,,,,,,,,,,,,,
00:03:00.541,,,,,,,,,,,,,,,
00:03:00.444,,$^3,,,,,,,,,,,,,
00:03:00.347,,,,,,,,,,,,,,,
00:03:00.251,,,,,,,,,,,e,e,e,,
00:03:00.154,,,,,,,,,,,,,,,
00:03:00.057,,,,,,,,,,,,,,,
00:02:59.961,,,,,,,,,,,,,,,
00:02:59.864,,,x3,,,,,,,,,,,,
00:02:59.767,,,,,,,,,,,,,,,
00:02:59.671,,,,,,,,,,,,,,,
00:02:59.574,,,,,,,,,,,,,,,
00:02:59.477,,,,,,,,,,,,,,,
00:02:59.381,,,,,,,,,,,,,,,
00:02:59.285,,,,,,,,,,,,,,,
00:02:59.189,,,,,,,,,,,,,,e,
00:02:59.092,,x3,,,,,,,,,,,,,m
00:02:58.996,,,,,,,,,,,,,,s,
00:02:58.900,,,,,,,,,,,,,,,m
00:02:58.804,,,,,,,,,,,,,,,
00:02:58.708,,,,,,,,,,,,,,,m
00:02:58.613,,,,,,,,,,,,,,,
00:02:58.517,,,x3,,,,,,,,,,,e,m
00:02:58.421,,,,,,,,,,,,,,,
00:02:58.325,,,,,,,,,,,,,,s,m
00:02:58.230,,,,,,,,,,,,,,,
00:02:58.135,,,,,,,,,,,,,,,
00:02:58.039,,,,,,,,,,,,,,,
00:02:57.944,,,,,,,,,,,s,s,s,,
00:02:57.849,,,,,,,,,,,,,,,
00:02:57.754,,,,@3,,,,,,,,,,,
00:02:57.659,,,,,,,,,,,,,,,
00:02:57.564,,,,,,,,,,,,,,,
00:02:57.468,,,,,,,,,,,,,,,
00:02:57.373,,,,,,,,,,,,,,,
00:02:57.278,,,,,,,,,,,,,,,
00:02:57.183,,,,,,,,,,,,,,,
00:02:57.087,,,,,,,,,,,,,,,
00:02:56.991,,,,$^3,,,,,,,,,,,
00:02:56.895,,,,,,,,,,,,,,,
00:02:56.799,,,,,,,,,,,,,,,
00:02:56.703,,,,,,,,,,,,,,,
00:02:56.606,,,,,,,,,,,,,,,
00:02:56.510,,,,,,,,,,,,,,,
00:02:56.413,,,x3,,,,,,,,,,,,
00:02:56.317,,,,,,,,,,,,,,,
00:02:56.220,,,,,,,,,,,,,,,
00:02:56.123,,,,,,,,,,,,,,e,
00:02:56.026,,,,,,,,,,,,,,,m
00:02:55.930,,,,,,,,,,,,,,,
00:02:55.833,,,,@3,,,,,,,,,,,m
00:02:55.736,,,,,,,,,,,,,,,
00:02:55.639,,,,,,,,,,,,,,,m
00:02:55.542,,,,,,,,,,,,,,,
00:02:55.446,,,,,,,,,,,,,,,m
00:02:55.349,,,,,,,,,,,,,,,
00:02:55.252,,,,$^3,,,,,,,,,,s,m
00:02:55.155,,,,,,,,,,,,,,,
00:02:55.059,,,,,,,,,,,,,,,
00:02:54.962,,,,,,,,,,,,,,,
00:02:54.865,,x3,,,,,,,,,,,,,
00:02:54.768,,,,,,,,,,,,,,,
00:02:54.671,,,,,,,,,,,,,,,
00:02:54.575,,,,,,,,,,,,,,,
00:02:54.478,,,,,,,,,,,e,e,e,,
00:02:54.381,,,,,,,,,,,,,,,
00:02:54.284,,,,,,,,,,,,,,,
00:02:54.188,,,,,,,,,,,,,,,
00:02:54.091,,,x3,,,,,,,,,,,,
00:02:53.994,,,,,,,,,,,,,,,
00:02:53.897,,,,,,,,,,,,,,,
00:02:53.800,,,,,,,,,,,,,,,
00:02:53.704,,,,,,,,,,,,,,,
00:02:53.607,,,,,,,,,,,,,,,
00:02:53.510,,,,,,,,,,,,,,,
00:02:53.413,,,,,,,,,,,,,,,
00:02:53.317,,,,,,,,,,,,,,,
00:02:53.220,,,,,,,,,,,,,,,
00:02:53.124,,x3,,,,,,,,,,,,,
00:02:53.027,,,,,,,,,,,,,,e,
00:02:52.931,,,,,,,,,,,,,,,m
00:02:52.834,,,,,,,,,,,,,,,
00:02:52.737,,,,,,,,,,,,,,,m
00:02:52.640,,,,,,,,,,,,,,,
00:02:52.542,,,,,,,,,,,,,,,m
00:02:52.446,,,,,,,,,,,,,,,
00:02:52.349,,,,r3,,,,,,,,,,,m
00:02:52.252,,,,,,,,,,,,,,,
00:02:52.155,,,,,,,,,,,,,,s,m
00:02:52.059,,,,,,,,,,,,,,,
00:02:51.962,,,,,,,,,,,,,,,
00:02:51.865,,,,,,,,,,,,,,,
00:02:51.768,,,,,,,,,,,s,s,s,,
00:02:51.671,,,,,,,,,,,,,,,
00:02:51.575,,,,,@3,,,,,,,,,,
00:02:51.478,,,,,,,,,,,,,,,
00:02:51.381,,,,,,,,,,,,,,,
00:02:51.284,,,,,,,,,,,,,,,
00:02:51.188,,,,,,,,,,,,,,,
00:02:51.091,,,,,,,,,,,,,,,
00:02:50.994,,,,,,,,,,,,,,,
00:02:50.897,,,,,,,,,,,,,,,
00:02:50.801,,,,,$^3,,,,,,,,,,
00:02:50.704,,,,,,,,,,,,,,,
00:02:50.607,,,,,,,,,,,,,,,
00:02:50.510,,,,,,,,,,,,,,,
00:02:50.413,,,,,,,,,,,,,,,
00:02:50.317,,,,,,,,,,,,,,,
00:02:50.220,,,x3,,,,,,,,,,,,
00:02:50.123,,,,,,,,,,,,,,,
00:02:50.026,,,,,,,,,,,,,,,
00:02:49.930,,,,,,,,,,,,,,,
00:02:49.833,,,,,,,,,,,,,,,
00:02:49.736,,,,,,,,,,,,,,,
00:02:49.639,,,,@3,,,,,,,,,,,
00:02:49.542,,,,,,,,,,,,,,,
00:02:49.446,,,,,,,,,,,,,,,
00:02:49.349,,,,,,,,,,,,,,,
00:02:49.252,,,,,,,,,,,,,,,
00:02:49.155,,,,,,,,,,,,,,,
00:02:49.059,,,,$^3,,,,,,,,,,,
00:02:48.962,,,,,,,,,,,,,,,
00:02:48.865,,,,,,,,,,,,,,e,mo
00:02:48.768,,,,,,,,,,,,,,,
00:02:48.671,,,,x3,,,,,,,,,,,
00:02:48.575,,,,,,,,,,,,,,,
00:02:48.478,,,,,,,,,,,,,,,
00:02:48.381,,,,,,,,,,,,,,,
00:02:48.284,r3,,,,,,,,,,,,,,
00:02:48.188,,,,,,,,,,,,,,,
00:02:48.091,,,,,,,,,,,,,,,
00:02:47.994,,,,,,,,,,,,,,,
00:02:47.897,,,,,,,,,e,,e,e,e,,
00:02:47.801,,,,,,,,,,,,,,,
00:02:47.704,,@1,,,,,,,,,,,,,
00:02:47.607,,,,,,,,,,,,,,,
00:02:47.510,,,,,@3,,,,,,,,,,mi
00:02:47.413,,,,,,,,,,,,,,,
00:02:47.317,,,,,,,,,,,,,,,mo
00:02:47.220,,,,,,,,,,,,,,,
00:02:47.123,,,,,,,,,,,,,,,
00:02:47.026,,,,,,,,,,,,,,,
00:02:46.930,,,,,$^3,,,,,,,,,,
00:02:46.833,,,,,,,,,,,,,,,
00:02:46.736,,,,,,,,,,,,,,,mi
00:02:46.639,,,,,,,,,,,,,,,
00:02:46.542,,,,,x3,,,,,,,,,,mo
00:02:46.446,,,,,,,,,,,,,,,
00:02:46.349,,,,,,,,,,,,,,,
00:02:46.252,,,,,,,,,,,,,,,
00:02:46.155,,,,,,,,,,,,,,,
00:02:46.059,,,,,,,,,,,,,,,
00:02:45.962,,,,,,,,,,,,,,s,mi
00:02:45.865,,,,,,,,,,,,,,,
00:02:45.768,,,,,,,,,,,,,,,
00:02:45.671,,,,,,,,,,,,,,e,mo
00:02:45.575,,,,,x3,,,,,,s,s,s,,
00:02:45.479,,,,,,,,,,,,,,,
00:02:45.383,,$^1,,,,,,,,,,,,,
00:02:45.286,,,,,,,,,,,,,,,
00:02:45.190,,,,,,,,,,,,,,,mi
00:02:45.093,,,,,,,,,,,,,,,
00:02:44.995,#,r3,#,#,l3,#,,,,,,,,,mo
00:02:44.898,,,,,,,,,,,,,,,
00:02:44.801,,,,,,,,,,,,,,,
00:02:44.704,,,,,,,,,,,,,,,
00:02:44.607,,,,,,,,,,,,,,,
00:02:44.510,,,,,,,,,,,,,,,
00:02:44.413,,,,,,,,,,,e,e,e,s,mi
00:02:44.317,,,,,,,,,,,,,,,
00:02:44.220,,,,,@3,,,,,,,,,,
00:02:44.123,,,,,,,,,,,,,,,
00:02:44.026,,,,,,,,,,,,,,,
00:02:43.930,,,,,,,,,,,,,,,
00:02:43.833,,,,,$^3,,,,s,,,,,,
00:02:43.736,,,,,,,,,,,,,,,
00:02:43.639,,,,,,,,,,,,,,,
00:02:43.542,,,,,,,,,,,,,,,
00:02:43.446,,,,,,,,,,,,,,,
00:02:43.349,,,,,,,,,,,,,,,
00:02:43.252,,,,x3,,,,,,,,,,,
00:02:43.156,,,,,,,,,,,,,,e,mo
00:02:43.059,,,,,,,,,,,,,,,
00:02:42.963,,,,,,,,,,,,,,,
00:02:42.866,,l3,,,,,,,,,,,,,
00:02:42.770,,,,,,,,,,,,,,,
00:02:42.675,,,,,,,,,,,,,,,mi
00:02:42.579,,,,,,,,,,,,,,,
00:02:42.483,,,,x3,,,,,,,s,s,s,,mo
00:02:42.387,,,,,,,,,,,,,,,
00:02:42.292,,,,,,,,,,,,,,,mi
00:02:42.196,,,,,,,,,,,,,,,
00:02:42.100,,x3,,,,,,,,,,,,,mo
00:02:42.004,,,,,,,,,,,,,,,
00:02:41.908,,,,,,,,,,,,,,,mi
00:02:41.812,,,,,,,,,,,,,,,
00:02:41.716,,,,x3,,,,,,,,,,,m
00:02:41.619,,,,,,,,,,,,,,,
00:02:41.523,,,,,,,,,,,,,,,mo
00:02:41.426,,,,,,,,,,,,,,,
00:02:41.330,,,,,@3,,,,,,,,,s,mi
00:02:41.233,,,,,,,,,,,,,,,
00:02:41.136,,,,,,,,,,,,,,,
00:02:41.039,,,,,,,,,,,,,,,
00:02:40.942,,,,,,,,,,,e,e,e,e,
00:02:40.845,,,,,,,,,,,,,,,
00:02:40.748,,,,,$^3,,,,,,,,,,
00:02:40.651,,,,,,,,,,,,,,,m
00:02:40.553,,,,,,,,,,,,,,,
00:02:40.456,,,,,,,,,,,,,,,
00:02:40.359,,,x3,,,,,,,,,,,,m
00:02:40.262,,,,,,,,,,,,,,,
00:02:40.164,,,,,,,,,e,,,,,,m
00:02:40.067,,,,,,,,,,,,,,,
00:02:39.970,,@1,,,,,,,,,,,,,m
00:02:39.873,,,,,,,,,,,,,,,
00:02:39.776,,,,,x3,,,,,,s,s,s,s,m
00:02:39.680,,,,,,,,,,,,,,,
00:02:39.583,,,,,,,,,,,,,,,
00:02:39.486,,,,,,,,,,,,,,,
00:02:39.389,,,,,x3,,,,,,,,,,
00:02:39.293,,,,,,,,,,,e,e,e,e,
00:02:39.196,,$^1,,,,,,,,,,,,,
00:02:39.100,,,,,,,,,,,,,,,
00:02:39.003,,,,,,,,,,,,,,,m
00:02:38.907,,,,,,,,,,,,,,,
00:02:38.811,,,,,,,,,,,,,,,m
00:02:38.714,,,,,,,,,,,,,,,
00:02:38.618,,@3,,,,,,,,,,,,,m
00:02:38.522,,,,,,,,,,,,,,,
00:02:38.426,,,,,,,,,s,,,,,,m
00:02:38.329,,,,,,,,,,,,,,,
00:02:38.233,,,,,,,,,,,s,s,s,s,m
00:02:38.137,,,,,,,,,,,,,,,
00:02:38.041,,,,,,,,,,,,,,,
00:02:37.944,,,,,,,,,,,,,,,
00:02:37.848,,,,,,,,,,,e,e,e,e,
00:02:37.752,,,,,,,,,,,,,,,
00:02:37.655,,$^3,,,,,,,,,,,,,m
00:02:37.559,,,,,,,,,,,,,,,
00:02:37.463,,,,,,,,,,,,,,,mo
00:02:37.366,,,,,,,,,,,,,,,
00:02:37.270,,,,,x3,,,,,,,,,,mi
00:02:37.173,,,,,,,,,,,,,,,
00:02:37.077,,,,,,,,,,,,,,,m
00:02:36.981,,,,,,,,,,,,,,,
00:02:36.884,,,,,,,,,,,,,,,mo
00:02:36.788,,,,,,,,,,,,,,,
00:02:36.691,,,,x3,,,,,,,s,s,s,s,mi
00:02:36.594,,,,,,,,,,,,,,,
00:02:36.498,,,,,,,,,,,,,,,
00:02:36.401,,,,,,,,,,,,,,,
00:02:36.305,,,,,,,,,,,,,,,
00:02:36.208,,,,,,,,,,,e,e,e,e,
00:02:36.111,,,,,,,,,,,,,,,
00:02:36.015,,,,,,,,,,,,,,,
00:02:35.918,,,x3,,,,,,e,,,,,,m
00:02:35.821,,,,,,,,,,,,,,,
00:02:35.725,,,,,,,,,,,,,,,m
00:02:35.628,,,,,,,,,,,,,,,
00:02:35.531,,,,,,,,,,,,,,,m
00:02:35.434,,,,,,,,,,,,,,,
00:02:35.337,,,,,,,,,,,,,,,m
00:02:35.240,,,,,,,,,,,,,,,
00:02:35.143,,,,x3,,,,,,,s,s,s,s,m
00:02:35.046,,,,,,,,,,,,,,,
00:02:34.948,,,,,,,,,,,,,,,
00:02:34.851,,,,,,,,,,,,,,,
00:02:34.753,,,,,,,,,,,e,e,e,e,
00:02:34.655,,,,,,,,,,,,,,,
00:02:34.557,,,,,,,,,,,,,,,
00:02:34.459,,,,,,,,,,,,,,,
00:02:34.361,,,,,@3,,,,,,,,,,m
00:02:34.263,,,,,,,,,,,,,,,
00:02:34.164,,,,,,,,,,,,,,,m
00:02:34.066,,,,,,,,,,,,,,,
00:02:33.967,,,,,,,,,,,,,,,m
00:02:33.870,,,,,,,,,,,,,,,
00:02:33.772,,,,>3,^3,,,,,,,,,,m
00:02:33.674,,,,,,,,,,,,,,,
00:02:33.576,,,,,,,,,,,s,s,s,s,m
00:02:33.480,,,,,,,,,,,,,,,
00:02:33.383,,,,,,,,,,,,,,,
00:02:33.287,,,,,,,,,,,,,,,
00:02:33.191,,,,,,,,,,,,,,,
00:02:33.095,,,,,,,,,,,e,e,e,e,
00:02:32.999,,,,$^3,,,,,,,,,,,
00:02:32.903,,,,,,,,,,,,,,,
00:02:32.807,,,,,,,,,,,,,,,m
00:02:32.710,,,,,,,,,,,,,,,
00:02:32.614,,,,,x3,,,,,,,,,,m
00:02:32.517,,,,,,,,,,,,,,,
00:02:32.420,,,,,,,,,,,,,,,m
00:02:32.323,,,,,,,,,,,,,,,
00:02:32.225,,,,,,,,,,,,,,,m
00:02:32.128,,,,,,,,,,,,,,,
00:02:32.030,,x3,,,,,,,,,s,s,s,s,m
00:02:31.932,,,,,,,,,,,,,,,
00:02:31.834,,,,,,,,,,,,,,,
00:02:31.735,,,,,,,,,,,,,,,
00:02:31.637,,,,,,,,,,,e,e,e,e,
00:02:31.539,,,,,,,,,,,,,,,
00:02:31.441,,,,,@3,,,,,,,,,,m
00:02:31.343,,,,,,,,,,,,,,,
00:02:31.245,,,,,,,,,,,,,,,mo
00:02:31.148,,,,,,,,,,,,,,,
00:02:31.051,,,,,,,,,,,,,,,mi
00:02:30.954,,,,,,,,,,,,,,,
00:02:30.857,,@1,,,,,,,,,,,,,m
00:02:30.761,,,,,,,,,,,,,,,
00:02:30.665,,,,,,,,,,,,,,,mo
00:02:30.569,,,,,,,,,,,,,,,
00:02:30.473,,,,,,,,,,,s,s,s,s,mi
00:02:30.378,,,,,,,,,,,,,,,
00:02:30.283,,,,,$^3,,,,,,,,,s,
00:02:30.188,,,,,,,,,,,,,,,
00:02:30.093,,,,,,,,,,,,,,,
00:02:29.999,,,,,,,,,,,e,e,e,e,
00:02:29.904,,$^1,,,,,,,,,,,,,
00:02:29.809,,,,,,,,,,,,,,,
00:02:29.714,,,,,,,,,,,,,,,m
00:02:29.618,,,,,,,,,,,,,,,
00:02:29.522,,,,,,,,,,,,,,,m
00:02:29.427,,,,,,,,,,,,,,,
00:02:29.331,,,,,x1,,,,,,,,,,m
00:02:29.234,,,,,,,,,,,,,,,
00:02:29.137,,,,,,,,,,,,,,,m
00:02:29.040,,,,,,,,,,,,,,,
00:02:28.943,,,,x1,,,,,,,s,s,s,s,m
00:02:28.846,,,,,,,,,,,,,,,
00:02:28.749,,,,,,,,,,,,,,,
00:02:28.651,,,,,,,,,,,,,,,
00:02:28.554,,,,,,,,,,,,,,,
00:02:28.456,,,,,,,,,,,e,e,e,e,
00:02:28.359,,,,,,,,,,,,,,,
00:02:28.261,,,,,,,,,,,,,,,
00:02:28.164,,,,,,,,,,,,,,,m
00:02:28.067,,,,,,,,,,,,,,,
00:02:27.969,,,x1,,,,,,,,,,,,m
00:02:27.872,,,,,,,,,,,,,,,
00:02:27.774,,,,,,,,,,,,,,,m
00:02:27.677,,,,,,,,,,,,,,,
00:02:27.580,,,,,,,,,,,,,,,m
00:02:27.482,,,,,,,,,,,,,,,
00:02:27.385,,,,,,,,,,,s,s,s,s,m
00:02:27.287,,,,,,,,,,,,,,,
00:02:27.255,,,,x1,,,,,,,,,,,
00:02:27.190,,,,,,,,,,,,,,,
00:02:27.093,,,,,,,,,,,,,,,
00:02:26.995,,,,,,,,,,,e,e,e,e,
00:02:26.898,,,,,,,,,,,,,,,
00:02:26.801,,,@1,,,,,,,,,,,,
00:02:26.704,,,,,,,,,,,,,,,m
00:02:26.606,,,,,,,,,,,,,,,
00:02:26.509,,,,,,,,,,,,,,,m
00:02:26.412,,,,,,,,,,,,,,,
00:02:26.316,,,,,,,,,,,,,,,m
00:02:26.219,,,,,,,,,,,,,,,
00:02:26.122,,,,,,,,,,,,,,,m
00:02:26.025,,,$^1,,,,,,,,,,,,
00:02:25.929,,,,,,,,,,,s,s,s,s,m
00:02:25.832,,,,,,,,,,,,,,,
00:02:25.736,,,,,,,,,,,,,,,
00:02:25.640,,,,x1,,,,,,,,,,,
00:02:25.543,,,,,,,,,,,e,e,e,e,
00:02:25.447,,,,,,,,,,,,,,,
00:02:25.351,,,,,,,,,,,,,,,m
00:02:25.254,,,,,,,,,,,,,,,
00:02:25.158,,,,,,,,,,,,,,,mo
00:02:25.062,,,,,,,,,,,,,,,
00:02:24.965,,,,,,,,,,,,,,,mi
00:02:24.869,,x1,,,,,,,,,,,,,
00:02:24.772,,,,,,,,,,,,,,,m
00:02:24.676,,,,,,,,,,,,,,,
00:02:24.579,,,,,,,,,,,,,,,mo
00:02:24.482,,,,,,,,,,,,,,,
00:02:24.385,,,,,,,,,,,s,s,s,s,mi
00:02:24.289,,,,@1,,,,,,,,,,,
00:02:24.192,,,,,,,,,,,,,,,
00:02:24.095,,,,,,,,,,,,,,,
00:02:23.998,,,,,,,,,,,,,,,
00:02:23.901,,,,$^1,,,,,,,,,,,
00:02:23.803,,,,,,,,,,,,,,,
00:02:23.706,,,,,,,,,,,,,,,
00:02:23.609,,,,,,,,,,,,,,,
00:02:23.511,,,,,,,,,,,,,,,
00:02:23.413,,,,,,,,,,,,,,,
00:02:23.380,,,,,,,,,,,,,,,
00:02:23.315,,,,,,,,,,,,,,,
00:02:23.216,,,,,,,,,,,,,,,
00:02:23.118,,,,,@1,,,,,,,,,,
00:02:23.019,,,,,,,,,,,,,,,
00:02:22.921,,,,,,,,,,,,,,,
00:02:22.822,,,,,,,,,,,,,,,
00:02:22.723,,,,,,,,,,,,,,,
00:02:22.626,,,,,,,,,,,,,,,
00:02:22.528,,,,,,,,,,,,,,e,
00:02:22.431,,,,,,,,,,,,,,,
00:02:22.334,,,,>1,^1,,,,,,,,,,
00:02:22.237,,,,,,,,,,,,,,,
00:02:22.140,,,,,,,,,,,,,,,m
00:02:22.044,,,,,,,,,,,,,,,
00:02:21.947,,,,,,,,,,,,,,,m
00:02:21.851,,,,,,,,,,,,,,,
00:02:21.819,,,,$^1,,,,,,,,,,,mo
00:02:21.755,,,,,,,,,,,,,,,
00:02:21.691,,,,,,,,,,,,,,,
00:02:21.659,,,,,,,,,,,,,,,
00:02:21.562,,,,,,,,,,,,,,s,mi
00:02:21.466,,,,,,,,,,,,,,,
00:02:21.371,,,,,x1,,,,,,,,,,
00:02:21.275,,,,,,,,,,,,,,,
00:02:21.179,,,,,,,,,,,,,,,
00:02:21.083,,,,,,,,,,,,,,e,
00:02:20.988,,,,,,,,,,,,,,,mo
00:02:20.892,,,,,,,,,,,,,,,
00:02:20.797,,@1,,,,,,,,,,,,,
00:02:20.702,,,,,,,,,,,,,,,
00:02:20.607,,$^1,,,,,,,,,,,,,mi
00:02:20.512,,,,,,,,,,,,,,,
00:02:20.417,,,,,,,,,,,,,,,m
00:02:20.321,,,,,,,,,,,,,,,
00:02:20.225,,,,,,,,,,,,,,,mo
00:02:20.129,,,,x1,,,,,,,,,,,
00:02:20.033,,,,,,,,,,,,,,,mi
00:02:19.936,,,,,,,,,,,,,,,
00:02:19.838,,,,,,,,,,,,,,s,
00:02:19.741,,,,,,,,,,,,,,,
00:02:19.644,,,,,,,,,,,,,,,
00:02:19.545,,,,,,,,,,,,,,,
00:02:19.446,,,x1,,,,,,,,,,,e,mo
00:02:19.347,,,,,,,,,,,,,,,
00:02:19.249,,,,,,,,,,,,,,,
00:02:19.149,,,,,,,,,,,,,,,
00:02:19.049,,,,,,,,,,,,,,,mi
00:02:18.949,,,,,,,,,,,,,,,
00:02:18.849,,@1,,,,,,,,,,,,,m
00:02:18.750,,,,,,,,,,,,,,,
00:02:18.652,,,,,,,,,,,,,,,mo
00:02:18.554,,,,,,,,,,,,,,,
00:02:18.455,,,,,,,,,,,,,,,mi
00:02:18.359,,,,,,,,,,,,,,,
00:02:18.262,,$^1,,,,,,,,,,,,e,
00:02:18.165,,,,,,,,,,,,,,,
00:02:18.133,,,,,,,,,,,,,,,
00:02:18.068,,,,,,,,,,,,,,e,
00:02:17.971,,,,,,,,,,,,,,,mo
00:02:17.938,,,,,,,,,,,,,,,
00:02:17.873,,,,,,,,,,,,,,,
00:02:17.808,,,,x1,,,,,,,,,,,
00:02:17.776,,,,,,,,,,,,,,,mi
00:02:17.678,,,,,,,,,,,,,,,
00:02:17.613,,,,,,,,,,,,,,,m
00:02:17.580,,,,,,,,,,,,,,,
00:02:17.483,,,x1,,,,,,,,,,,,mo
00:02:17.385,,,,,,,,,,,,,,,
00:02:17.287,,,,,,,,,,,,,,s,mi
00:02:17.189,,,,,,,,,,,,,,,
00:02:17.091,,,,,@1,,,,,,,,,s,
00:02:16.993,,,,,,,,,,,,,,,
00:02:16.895,,,,,,,,,,,,,,,
00:02:16.797,,,,,,,,,,,,,,e,mo
00:02:16.698,,,,>1,^1,,,,,,,,,e,
00:02:16.600,,,,,,,,,,,,,,,
00:02:16.502,,,,,,,,,,,,,,,
00:02:16.403,,,,,,,,,,,,,,,
00:02:16.305,,,,,,,,,,,,,,,mi
00:02:16.206,,,,,,,,,,,,,,,
00:02:16.107,,,,$^1,,,,,,,e,e,e,,m
00:02:16.010,,,,,,,,,,,,,,,
00:02:15.977,,,,,,,,,,,,,,,mo
00:02:15.912,,,,,,,,,,,,,,,
00:02:15.846,,,,,,,,,,,,,,,mi
00:02:15.814,,,,,@3,,,,,,,,,,
00:02:15.716,,,,,,,,,,,,,,s,
00:02:15.620,,,,,,,,,,,,,,,
00:02:15.523,,@1,,,,,,,,,,,,,
00:02:15.427,,,,,,,,,,,,,,e,
00:02:15.331,,,,,,,,,,,,,,,mo
00:02:15.236,,,,,,,,,,,,,,,
00:02:15.141,,,,,,,,,,,,,,,
00:02:15.046,,,,,,,,,,,,,,,
00:02:14.951,,,,,,,,,,,,,,,mi
00:02:14.857,,,,,,,,,,,,,,,
00:02:14.764,,,,,,,,,,,,,,,
00:02:14.670,,,,,,,,,,,,,,,m
00:02:14.576,,$^1,,,,,,s,,s,,,,,
00:02:14.483,,,,,,,,,,,,,,,
00:02:14.390,,,,,,,,,,,,,,,m
00:02:14.296,,,,,,,,,s,,,,,,
00:02:14.203,,,,,,,,,,,,,,s,m
00:02:14.109,,,,,,,,,,,,,,,
00:02:14.016,,x2,,,,,,,,,,,,,
00:02:13.922,,,,,,,,,,,,,,e,
00:02:13.828,,,,,,,,,,,,,,,
00:02:13.735,,,,,,,,,,,,,,,
00:02:13.641,,x2,,,,,,,,,,,,,
00:02:13.547,,,,,,,,,,,,,,,
00:02:13.453,,,,,,,,,,,,,,,m
00:02:13.359,,,,,,,,,,,,,,,
00:02:13.265,,x2,,,,,,,,,,,,,
00:02:13.170,,,,,,,,,,,,,,,m
00:02:13.076,,,,,,,,,,,,,,,
00:02:12.982,,,,,,,,,,,,,,,
00:02:12.887,,x2,,,$^3,,,,,,,,,,m
00:02:12.793,,,,,,,,,,,,,,s,
00:02:12.698,,,,,,,,,,,,,,s,m
00:02:12.603,,,,,,,,,,,,,,,
00:02:12.509,,,,,,,,,,,,,,,
00:02:12.414,,,,,,,,,,,,,,e,
00:02:12.319,,,,,,,,,,,,,,,
00:02:12.224,*,l3,#,#,r3,*,,,,,,,,,
00:02:12.129,,,,,,,,,,,,,,,m
00:02:12.034,,,,,,,,,,,,,,,
00:02:11.939,,,,,,,,,,,,,,e,
00:02:11.843,,,,,,,,,,,,,,,m
00:02:11.748,,,,,x3,,,,,,,,,,
00:02:11.653,,,,,,,,,,,,,,,
00:02:11.557,,,,,,,,,,,,,,,
00:02:11.460,,,,,,,,,,,,,,,
00:02:11.363,,x3,,,,,,,,,s,s,s,,
00:02:11.265,,,,,,,,,,,,,,,m
00:02:11.168,,,,,,,,,,,,,,,
00:02:11.074,,,,,,,,,,,,,,s,m
00:02:10.980,,,,,,,,,,,,,,,
00:02:10.885,,,,,,,,,,,,,,,
00:02:10.791,,,,,x3,,,,,,,,,,
00:02:10.695,,,,,,,,,,,,,,e,
00:02:10.599,,,,,,,,,,,,,,,mo
00:02:10.502,,,,,,,,,,,,,,,
00:02:10.406,,,,,,,,,,,,,,,
00:02:10.312,,,,,,,,,,,,,,,
00:02:10.217,,,,,,,,,,,,,,,
00:02:10.123,,,,,,,,,,,,,,,
00:02:10.029,,x3,,,,,,,,,,,,,mi
00:02:09.929,,,,,,,,,,,,,,,
00:02:09.829,,,,,,,,,,,,,,,
00:02:09.729,,,,,,,,,,,e,e,e,,
00:02:09.628,,,,,,,,,,,,,,,m
00:02:09.533,,,,,,,,,,,,,,,
00:02:09.438,,,,,x3,,,,,,,,,s,m
00:02:09.343,,,,,,,,,,,,,,,
00:02:09.247,,,,,,,,,,,,,,,
00:02:09.149,,,,,,,,,,,,,,e,
00:02:09.051,,x3,,,,,,,,,,,,,
00:02:08.953,,,,,,,,,,,,,,,
00:02:08.854,,,,,,,,,,,,,,,
00:02:08.761,,,,,,,,,,,,,,,
00:02:08.667,,,,,,,,,,,,,,,m
00:02:08.573,,,,,,,,,,,,,,,
00:02:08.480,,,,,,,,,,,,,,,m
00:02:08.382,,,,,,,,,,,,,,,
00:02:08.284,,,,,x3,,,,,,,,,,m
00:02:08.187,,,,,,,,,,,,,,,
00:02:08.089,,,,,,,,,,,,,,,m
00:02:07.992,,,,,,,,,,,,,,,
00:02:07.895,,,,,,,,,,,,,,s,m
00:02:07.798,,,,,,,,,,,,,,,
00:02:07.701,,,,,,,,,,,,,,,
00:02:07.604,,,,,,,,,,,,,,e,
00:02:07.506,,x3,,,,,,,,,,,,,
00:02:07.408,,,,,,,,,,,,,,,
00:02:07.311,,,,,,,,,,,,,,,
00:02:07.216,,,,,,,,,,,,,,,
00:02:07.122,,,,,x3,,,,,,,,,,m
00:02:07.028,,,,,,,,,,,,,,,
00:02:06.933,,,,,,,,,,,,,,,
00:02:06.836,,,,,,,,,,,,,,,m
00:02:06.739,,x3,,,,,,,,,,,,s,
00:02:06.642,,,,,,,,,,,,,,,
00:02:06.545,,,,,,,,,,,,,,,m
00:02:06.448,,,,,,,,,,,,,,,
00:02:06.352,,,,,x3,,,,,,,,,e,m
00:02:06.256,,,,,,,,,,,,,,,
00:02:06.159,,,,,,,,,,,,,,,
00:02:06.065,,,,,,,,,,,,,,e,
00:02:05.971,,x3,,,,,,,,,,,,,
00:02:05.877,,,,,,,,,,,,,,,
00:02:05.783,,,,,,,,,,,,,,,
00:02:05.687,,,,,,,,,,,,,,,
00:02:05.591,,,,,,,,,,,,,,,m
00:02:05.494,,,,,,,,,,,,,,,
00:02:05.398,,,,,x3,,,,,,,,,,
00:02:05.304,,,,,,,,,,,,,,,
00:02:05.209,,,,,,,,,,,s,s,s,,m
00:02:05.115,,,,,,,,,,,,,,,
00:02:05.021,,,,,,,,,,,,,,s,m
00:02:04.926,,x3,,,,,,,,,,,,,
00:02:04.831,,,,,,,,,,,,,,,
00:02:04.736,,,,,,,,,,,,,,,
00:02:04.641,,,,,,,,,,,,,,,
00:02:04.546,,,,,x3,,,,,,,,,e,
00:02:04.450,,,,,,,,,,,,,,,
00:02:04.354,,,,,,,,,,,,,,,
00:02:04.258,,,,,,,,,,,e,e,e,s,m
00:02:04.161,,,,,,,,,,,,,,,
00:02:04.064,,x3,,,,,,,,,,,,,m
00:02:03.967,,,,,,,,,,,,,,,
00:02:03.870,,,,,,,,,,,,,,,
00:02:03.773,,,,,,,,,,,,,,,m
00:02:03.676,,,,,x3,,,,,,,,,,
00:02:03.579,,,,,,,,,,,,,,,
00:02:03.481,,,,,,,,,,,,,,,m
00:02:03.384,,,,,,,,,,,,,,,
00:02:03.287,,x3,,,,,,,,,,,,s,m
00:02:03.190,,,,,,,,,,,,,,,
00:02:03.093,,,,,,,,,,,,,,,
00:02:02.996,,,,,,,,,,,,,,,
00:02:02.899,,,,,x3,,,,,,,,,,
00:02:02.802,,,,,,,,,,,,,,,
00:02:02.705,,,,,,,,,,,,,,,
00:02:02.609,,,,,,,,,,,,,,,
00:02:02.513,,x3,,,,,,,,,,,,,
00:02:02.416,,,,,,,,,,,,,,,
00:02:02.320,,,,,,,,,,,,,,,
00:02:02.224,,,,,,,,,,,,,,,
00:02:02.128,,,,,x3,,,,,,s,s,s,,
00:02:02.032,,,,,,,,,,,,,,,
00:02:01.936,,,,,,,,,,,,,,,
00:02:01.841,,,,,,,,,,,,,,,
00:02:01.746,,,,,,,,,,,,,,,
00:02:01.650,,,,,,,,,,,,,,,
00:02:01.555,,x2,,,,,,,,,,,,,
00:02:01.460,,,,,,,,,,,,,,,
00:02:01.365,,,,,,,,,,,,,,e,
00:02:01.270,,,,,,,,,,,,,,,
00:02:01.175,,,,,x2,,,,,,,,,,
00:02:01.081,,,,,,,,,,,,,,,
00:02:00.986,,,,,,,,,,,,,,,m
00:02:00.892,,,,,,,,,,,,,,,
00:02:00.797,,,,,,,,,,,,,,,m
00:02:00.702,,,,,,,,,,,,,,,
00:02:00.607,,x2,,,,,,,,,,,,,
00:02:00.511,,,,,,,,,,,,,,,
00:02:00.416,,,,,,,,,,,,,,,m
00:02:00.319,,,,,,,,,,,,,,,
00:02:00.222,,,,,,,,,,,,,,,
00:02:00.125,,,,,,,,,,,,,,,
00:02:00.028,,,,,x2,,,,,,,,,,m
00:01:59.929,,,,,,,,,,,,,,,
00:01:59.831,,,,,,,,,,,,,,,
00:01:59.733,,,,,,,,,,,,,,,
00:01:59.635,,,,,,,,,,,,,,e,m
00:01:59.536,,,,,,,,e,,,,,,,
00:01:59.438,,,,,,,,,,e,e,e,e,,
00:01:59.339,,,,,,,,,,,,,,,
00:01:59.241,*,r2,*,*,l2,*,,,,,,,,e,
00:01:59.142,,,,,,,,,,,,,,,m
00:01:59.044,,,,,,,,,,,,,,,
00:01:58.946,,,,,,,,,,,,,,,
00:01:58.847,,,,,,,,,,,,,,,m
00:01:58.750,,,,,,,,,,,,,,,
00:01:58.652,,,,,,,,,,,,,,s,m
00:01:58.554,,,,,,,,,,,,,,,
00:01:58.457,,x3,,,,,,,,,,,,,
00:01:58.359,,,,,,,,,,,,,,e,
00:01:58.262,,,,,,,,,,,,,,,
00:01:58.165,,,,,,,,,,,,,,,
00:01:58.068,,,,,,,,,,,,,,,
00:01:57.972,,,,,,,,,,,,,,,
00:01:57.875,,,x3,,,,,,,,,,,,m
00:01:57.779,,,,,,,,,,,,,,,
00:01:57.682,,,,,,,,,,,,,,,
00:01:57.586,,,,,,,,,,,,,,,m
00:01:57.490,,,,,,,,,,,,,,,
00:01:57.394,,,,,,,,,,,,,,,
00:01:57.298,,x3,,,,,,,,,,,,,m
00:01:57.202,,,,,,,,,,,,,,,
00:01:57.105,,,,,,,,,,,,,,s,m
00:01:57.009,,,,,,,,,,,,,,,
00:01:56.913,,,,,,,,,,,,,,,
00:01:56.816,,,,,,,,,,,,,,,
00:01:56.720,,,x3,,,,,,,,s,s,s,e,
00:01:56.623,,,,,,,,,,,,,,,
00:01:56.527,,,,,,,,,,,,,,,
00:01:56.429,,,,,,,,,,,,,,,
00:01:56.331,,@3,,,,,,,,,,,,,m
00:01:56.234,,,,,,,,,,,,,,,
00:01:56.136,,,,,,,,,,,,,,,m
00:01:56.039,,,,,,,,,,,,,,,
00:01:55.941,,$^3,,,,,,,,,,,,,
00:01:55.843,,,,,,,,,,,,,,,
00:01:55.745,,,,,,,,,,,,,,,m
00:01:55.648,,,,,,,,,,,,,,,
00:01:55.551,,,,,,,,,,,,,,s,m
00:01:55.454,,,,,,,,,,,,,,,
00:01:55.357,,,,,x3,,,,,,,,,,
00:01:55.261,,,,,,,,,,,,,,e,
00:01:55.164,,,,,,,,,,,,,,,
00:01:55.068,,,,,,,,,,,,,,,
00:01:54.971,,,,x3,,,,,,,,,,,
00:01:54.875,,,,,,,,,,,,,,,
00:01:54.778,,,,,,,,,,,,,,,m
00:01:54.682,,,,,,,,,,,,,,,
00:01:54.586,,,,,x3,,,,,,,,,,m
00:01:54.489,,,,,,,,,,,,,,,
00:01:54.392,,,,,,,,,,,,,,,
00:01:54.295,,,,,,,,,,,,,,,
00:01:54.198,,,,,,,,,,,,,,,m
00:01:54.101,,,,,,,,,,,,,,,
00:01:54.004,,@3,,,@3,,,,,,,,,s,m
00:01:53.906,,,,,,,,,,,,,,,
00:01:53.809,,,,,,,,,,,,,,,
00:01:53.711,,,,,,,,,,,,,,,
00:01:53.613,,,,,,,,,,,,,,e,
00:01:53.516,,,,,,,,,,,,,,,
00:01:53.418,,,,,,,,,,,,,,,
00:01:53.321,,,,,,,,,,,,,,,
00:01:53.224,,,,,,,,,,,,,,,
00:01:53.127,,,,,,,,,,,,,,,
00:01:53.031,,,,,,,,,,,,,,,m
00:01:52.936,,,,,,,,,,,,,,,m
00:01:52.842,,$^3,,,$^3,,,,,,,,,,m
00:01:52.748,,,,,,,,,,,,,,,
00:01:52.653,,,,,,,,,,,,,,,
00:01:52.559,,,,,,,,,,,,,,,
00:01:52.464,,,,,,,,,,,,,,s,m
00:01:52.370,,,,,,,,,,,,,,,
00:01:52.275,,,,,,,,,,,,,,,
00:01:52.178,,,,,,,,,,,,,,e,
00:01:52.081,,,,x3,,,,,,,,,,,
00:01:51.984,,,,,,,,,,,,,,,
00:01:51.886,,,,,,,,,,,,,,,
00:01:51.787,,,,,,,,,,,,,,,
00:01:51.688,,,,,,,,,,,,,,,m
00:01:51.589,,,,,,,,,,,,,,,
00:01:51.490,,,x3,,,,,,,,,,,,
00:01:51.391,,,,,,,,,,,,,,,m
00:01:51.293,,,,,,,,,,,,,,,
00:01:51.194,,,,,,,,,,,,,,,
00:01:51.095,,,,,,,,,,,,,,,m
00:01:50.997,,,,,,,,,,,,,,,
00:01:50.899,,x3,,,,,,,,,,,,s,m
00:01:50.801,,,,,,,,,,,,,,,
00:01:50.703,,,,,,,,,,,,,,,
00:01:50.606,,,,,,,,,,,,,,e,
00:01:50.509,,,,,,,,,,,,,,,
00:01:50.412,,,,,,,,,,,,,,,
00:01:50.316,,,,,x3,,,,,,,,,,
00:01:50.219,,,,,,,,,,,,,,,
00:01:50.123,,,,,,,,,,,,,,,m
00:01:50.027,,,,,,,,,,,,,,,
00:01:49.931,,,,,,,,,,,,,,,m
00:01:49.836,,,,,,,,,,,,,,,
00:01:49.740,,,x3,,,,,,,,,,,,
00:01:49.645,,,,,,,,,,,,,,,
00:01:49.550,,,,,,,,,,,,,,,m
00:01:49.454,,,,,,,,,,,,,,,
00:01:49.359,,,,,,,,,,,,,,s,m
00:01:49.264,,,,,,,,,,,,,,,
00:01:49.169,,,,,,,,,,,,,,,
00:01:49.073,,,,,,,,,,,,,,,
00:01:48.977,,,,,,,,,,,,,,,
00:01:48.881,,,,,,,,,,,,,,,
00:01:48.785,,@3,,,@3,,,,,,,,,,
00:01:48.689,,,,,,,,,,,,,,,
00:01:48.592,,,,,,,,,,,,,,,
00:01:48.496,,,,,,,,,,,,,,,
00:01:48.399,,,,,,,,,,,,,,,
00:01:48.303,,,,,,,,,,,,,,,
00:01:48.206,,$^3,,,$^3,,,,,,,,,,
00:01:48.109,,,,,,,,,,,,,,,
00:01:48.012,,,,,,,,,,,,,,,
00:01:47.916,,,,,,,,,,,,,,,
00:01:47.819,,,,,,,,,,,,,,,
00:01:47.722,,,,,,,,,,,,,,,
00:01:47.625,,x3,,,,,,,,,,,,,
00:01:47.528,,,,,,,,,,,,,,,
00:01:47.432,,,,,,,,,,,,,,,
00:01:47.335,,,,,,,,,,,,,,,
00:01:47.238,,,,,r3,,,,,,,,,,
00:01:47.141,,,,,,,,,,,,,,,
00:01:47.045,,,,,,,,,,,,,,,
00:01:46.948,,,,,,,,,,,,,,,
00:01:46.851,,,,,,,,,,,,,,,
00:01:46.754,,,,,,,,,,,,,,,
00:01:46.658,,@3,,,,,,,,,,,,,
00:01:46.561,,,,,,,,,,,,,,,
00:01:46.464,,,,,,,,,,,,,,,
00:01:46.367,,,,,,,,,,,,,,,
00:01:46.270,,$^3,,,,,,,,,,,,,
00:01:46.174,,,,,,,,,,,,,,,
00:01:46.077,,,,,,,,,,,e,e,e,,
00:01:45.980,,,,,,@3,,,,,,,,,
00:01:45.883,,,,,,,,,,,,,,,
00:01:45.787,,,,,,,,,,,,,,,
00:01:45.690,,,,,,,,,,,,,,,
00:01:45.593,,,,,>3,^3,,,,,,,,,
00:01:45.496,,,,,,,,,,,,,,,
00:01:45.399,,,,,,,,,,,,,,,
00:01:45.303,,,,,,,,,,,,,,,
00:01:45.206,,,,,,,,,,,,,,,
00:01:45.109,,,,,$^3,,,,,,,,,,
00:01:45.012,,,,,,,,,,,,,,,
00:01:44.916,,,,,,,,,,,,,,,
00:01:44.819,,,,,,,,,,,,,,,
00:01:44.722,,,,,,,,,,,,,,,
00:01:44.625,,,,,,,,,,,,,,,
00:01:44.528,,@3,,,@3,,,,,,,,,,
00:01:44.432,,,,,,,,,,,,,,,
00:01:44.335,,,,,,,,,,,,,,,
00:01:44.238,,,,,,,,,,,,,,,
00:01:44.141,,,,,,,,,,,,,,,
00:01:44.045,,,,,,,,,,,,,,,
00:01:43.948,,,,,,,,,,,,,,,
00:01:43.851,,,,,,,,,,,,,,,
00:01:43.754,,,,,,,,,,,,,,,
00:01:43.658,,,,,,,,,,,,,,,
00:01:43.561,,,,,,,,,,,,,,,
00:01:43.464,,,,,,,,,,,,,,,
00:01:43.367,,,,,,,,,,,,,,,
00:01:43.270,,,,,,,,,,,,,,,
00:01:43.174,,,,,,,,,,,,,,,
00:01:43.077,,,,,,,,,,,,,,,
00:01:42.980,,,,,,,,,,,,,,,
00:01:42.883,,,,,,,,,,,,,,,
00:01:42.787,,,,,,,,,,,,,,,
00:01:42.690,,,,,,,,,,,,,,,
00:01:42.593,,,,,,,,,,,,,,,
00:01:42.497,,,,,,,,,,,,,,,
00:01:42.400,,,,,,,,,,,,,,,
00:01:42.304,,,,,,,,,,,,,,,
00:01:42.207,,$^3,,,$^3,,,,,,s,s,s,,
00:01:42.111,,,,,,,,,,,,,,,
00:01:42.014,,,,,,,,,,,,,,,
00:01:41.918,,,,,,,,,,,,,,,
00:01:41.822,,,,,,,,,,,,,,,
00:01:41.725,,,,,,,,,,,,,,,
00:01:41.629,,,,,x3,,,,,,,,,,
00:01:41.533,,,,,,,,,,,,,,,
00:01:41.437,,,,,,,,,,,,,,,
00:01:41.340,,,,,,,,,,,,,,,
00:01:41.243,,,,,,,,,,,,,,,
00:01:41.145,,,,,,,,,,,,,,e,mo
00:01:41.048,,x3,,,,,,,,,,,,,
00:01:40.949,,,,,,,,,,,,,,,
00:01:40.850,,,,,,,,,,,,,,,
00:01:40.751,,,,,,,,,,,,,,,
00:01:40.652,,,,,,,,,,,,,,,
00:01:40.554,,,,,,,,,,,,,,,
00:01:40.456,,,x3,,,,,,,,,,,,
00:01:40.357,,,,,,,,,,,,,,,
00:01:40.259,,,,,,,,,,,,,,,mi
00:01:40.164,,,,,,,,,,,,,,,
00:01:40.068,,,,,,,,,,,,,,,mo
00:01:39.973,,,,,,,,,,,,,,,
00:01:39.878,,@3,,,@3,,,,,,,,,,
00:01:39.783,,,,,,,,,,,,,,,
00:01:39.689,,,,,,,,,,,,,,,
00:01:39.594,,,,,,,,,,,,,,,
00:01:39.499,,,,,,,,,,,,,,,mi
00:01:39.403,,,,,,,,,,,,,,,
00:01:39.306,,,,,,,,,,,,,,,mo
00:01:39.210,,,,,,,,,,,,,,,
00:01:39.114,,$^3,,,$^3,,,,,,,,,,
00:01:39.016,,,,,,,,,,,,,,,
00:01:38.919,,,,,,,,,,,,,,,
00:01:38.821,,,,,,,,,,,,,,,
00:01:38.724,,,,,,,,,,,,,,,mi
00:01:38.627,,,,,,,,,,,,,,,
00:01:38.529,,,,,,,,,,,,,,,mo
00:01:38.432,,,,,,,,,,,,,,,
00:01:38.334,,,,,x3,,,,,,,,,,
00:01:38.237,,,,,,,,,,,,,,,
00:01:38.140,,,,,,,,,,,,,,,
00:01:38.042,,,,,,,,,,,,,,,
00:01:37.945,,x3,,,,,,,,,,,,,mi
00:01:37.847,,,,,,,,,,,,,,,
00:01:37.750,,,,,,,,,,,,,,,mo
00:01:37.653,,,,,,,,,,,,,,,
00:01:37.555,,,,,,,,,,,,,,,
00:01:37.458,,,,,,,,,,,,,,,
00:01:37.360,,,x3,,,,,,,,,,,,
00:01:37.263,,,,,,,,,,,,,,,
00:01:37.166,,,,,,,,,,,,,,s,mi
00:01:37.068,,,,,,,,,,,,,,,
00:01:36.971,,,,,x3,,,,,,,,,,
00:01:36.873,,,,,,,,,,,,,,,
00:01:36.776,,,,,,,,,,,,,,,
00:01:36.679,,,,,,,,,,,,,,,
00:01:36.581,,,,,,,,,,,,,,,
00:01:36.484,,,,,,,,,,,,,,e,
00:01:36.386,,,x3,,,,,,,,,,,,
00:01:36.289,,,,,,,,,,,,,,,
00:01:36.192,,,,,,,,,,,,,,,m
00:01:36.094,,,,,,,,,,,,,,,
00:01:35.997,,,,,,,,,,,,,,,m
00:01:35.899,,,,,,,,,,,,,,,
00:01:35.802,,,,,x3,,,,,,,,,,mo
00:01:35.705,,,,,,,,,,,,,,,
00:01:35.607,,,,,,,,,,,,,,s,mi
00:01:35.510,,,,,,,,,,,,,,,
00:01:35.412,,,,,,,,,,,,,,,
00:01:35.315,,,,,,,,,,,,,,,
00:01:35.218,,,,,,,,,,,,,,,
00:01:35.120,,,,,,,,,,,,,,,
00:01:35.023,,,,,,,,,,,,,,,
00:01:34.925,,,,,,,,,,,,,,,
00:01:34.828,,,,,,,,,,,,,,,
00:01:34.731,,,,,,,,,,,,,,,
00:01:34.633,,,,,,,,,,,,,,,
00:01:34.536,,,,,,,,,,,,,,e,
00:01:34.438,,,x2,,,,,,,,,,,,mo
00:01:34.341,,,,,,,,,,,,,,,
00:01:34.243,,,,,,,,,,,,,,,
00:01:34.146,,,,,,,,,,,,,,,
00:01:34.048,,,,,,,,,,,,,,,
00:01:33.951,,,,,,,,,,,,,,,
00:01:33.853,,,,,,,,,,,,,,,mi
00:01:33.756,,,,,,,,,,,,,,,
00:01:33.658,,x2,,,,,,,,,,,,,mo
00:01:33.560,,,,,,,,,,,,,,,
00:01:33.463,,,,,,,,,,,,,,,mi
00:01:33.365,,,,,,,,,,,,,,,
00:01:33.267,,,,,r2,,,,,,,,,,mo
00:01:33.169,,,,,,,,,,,,,,,
00:01:33.072,,,,,,,,,,,,,,,mi
00:01:32.974,,,,,,,,,,,,,,,
00:01:32.876,,,x2,,,,,,,,,,,,m
00:01:32.778,,,,,,,,,,,,,,,
00:01:32.680,,,,,,,,,,,,,,,mo
00:01:32.582,,,,,,,,,,,,,,,
00:01:32.484,,,,,,,,,,,,,,s,mi
00:01:32.387,,,,,,,,,,,,,,,
00:01:32.291,,,,,,,,,,,,,,,
00:01:32.195,,,,,,,,,,,,,,,
00:01:32.098,,x2,,,@3,,,,,,e,e,e,e,
00:01:32.004,,,,,,,,,,,,,,,
00:01:31.910,,,,,,,,,,,,,,,
00:01:31.816,,,,,,,,,,,,,,,m
00:01:31.721,,,,,,,,,,,,,,,
00:01:31.627,,,,,,,,,,,,,,,
00:01:31.532,,,,,,,,,,,,,,,m
00:01:31.437,,,,,,,,,,,,,,,
00:01:31.343,,x2,,,$^3,,,,,,,,,,m
00:01:31.242,,,,,,,,,,,,,,,
00:01:31.141,,,,,,,,,,,,,,,m
00:01:31.041,,,,,,,,,,,,,,,
00:01:30.940,,,,,,,,,,,s,s,s,s,m
00:01:30.839,,,,,,,,,,,,,,,
00:01:30.739,,,,,,,,,,,,,,,
00:01:30.638,,,,,,,,,,,,,,,
00:01:30.537,,x2,,,,,,,,,,,,,
00:01:30.438,,,,,,,,,,,e,e,e,e,
00:01:30.339,,,,,,,,,,,,,,,
00:01:30.240,,,,,,,,,,,,,,,
00:01:30.141,,,,,,,,,,,,,,,m
00:01:30.045,,,,,,,,,,,,,,,
00:01:29.950,,,,,,,,,,,,,,,m
00:01:29.854,,,,,,,,,,,,,,,
00:01:29.758,,r2,,,l2,,,s,,,,,,,m
00:01:29.662,,,,,,,,,,,,,,,
00:01:29.566,,,,,,,,,,,,,,,m
00:01:29.471,,,,,,,,,,,,,,,
00:01:29.375,,,,,,,,,,,s,s,s,s,m
00:01:29.278,,,,,,,,,,,,,,,
00:01:29.181,,,,,,,,,,,,,,,
00:01:29.084,,,,,,,,,,,e,e,e,e,
00:01:28.988,,,,,,,,,,,,,,,
00:01:28.890,,,,,,,,,,,,,,,
00:01:28.793,,,,,@3,,,,,,,,,,m
00:01:28.696,,,,,,,,,,,,,,,
00:01:28.599,,,,,,,,,,,,,,,mo
00:01:28.502,,,,,,,,,,,,,,,
00:01:28.405,,,,,,,,,,,,,,,mi
00:01:28.309,,,,,,,,,,,,,,,
00:01:28.212,,,,,,,,,,,,,,,m
00:01:28.115,,,,>3,^3,,,,,,,,,,
00:01:28.019,,,,,,,,e,,,,,,,mo
00:01:27.923,,,,,,,,,,,,,,,
00:01:27.826,,,,,,,,,,,s,s,s,s,mi
00:01:27.730,,,,,,,,,,,,,,,
00:01:27.634,,,,,,,,,,,,,,,
00:01:27.538,,,,,,,,,,,,,,,
00:01:27.441,,,,,,,,,,,,,,,
00:01:27.345,,,,,,,,,,,e,e,e,e,
00:01:27.249,,,,,,,,,,,,,,,
00:01:27.152,,,,,,,,,,,,,,,
00:01:27.056,,,,^3,<3,,,,,,,,,,m
00:01:26.960,,,,,,,,,,,,,,,
00:01:26.863,,,,,,,,,,,,,,,m
00:01:26.767,,,,,,,,,,,,,,,
00:01:26.670,,,,,,,,,,,,,,,m
00:01:26.574,,,,,,,,,,,,,,,
00:01:26.477,,,,,$^3,,,,,,,,,,m
00:01:26.380,,,,,,,,,,,,,,,
00:01:26.284,,,,,,,,s,,,s,s,s,s,m
00:01:26.187,,,,,,,,,,,,,,,
00:01:26.090,,,,,,,,,,,,,,,
00:01:25.994,,,,,,,,,,,,,,,
00:01:25.897,,,x3,,,,,,,,,,,,
00:01:25.800,,,,,,,,,,,e,e,e,e,
00:01:25.704,,,,,,,,,,,,,,,
00:01:25.607,,,,,,,,,,,,,,,
00:01:25.510,,,,,,,,,,,,,,,m
00:01:25.413,,,,,,,,,,,,,,,
00:01:25.317,,,,@3,,,,,,,,,,,m
00:01:25.220,,,,,,,,e,,,,,,,
00:01:25.123,,,,$^3,,,,,,,,,,,m
00:01:25.027,,,,,,,,,,,,,,,
00:01:24.930,,,,,,,,,,,,,,,m
00:01:24.834,,,,,,,,,,,,,,,
00:01:24.737,,,,,,,,,,,s,s,s,s,m
00:01:24.640,,,,,,,,,,,,,,,
00:01:24.544,,x3,,,,,,,,,,,,,
00:01:24.447,,,,,,,,,,,,,,,
00:01:24.351,,,,,,,,,,,,,,,
00:01:24.254,,,,,,,,,,,e,e,e,e,
00:01:24.158,,,x3,,,,,,,,e,e,e,,
00:01:24.061,,,,,,,,,,,,,,,
00:01:23.965,,,,,,,,,,,,,,,m
00:01:23.869,,,,,,,,,,,,,,,
00:01:23.772,,,,,,,,,,,,,,,m
00:01:23.676,,,,,,,,,,,,,,,
00:01:23.579,,,,x3,,,,,,,,,,,m
00:01:23.483,,,,,,,,,,,,,,,
00:01:23.387,,,,,,,,,,,,,,,m
00:01:23.290,,,,,,,,,,,,,,,
00:01:23.194,,,,,,,,,,,s,s,s,s,m
00:01:23.098,,,,,,,,,,,,,,,
00:01:23.002,,x3,,,,,,,,,,,,,
00:01:22.905,,,,,,,,,,,e,e,e,s,
00:01:22.809,,,,,,,,,,,,,,,
00:01:22.713,,,,,,,,,,,,,,,
00:01:22.617,,,x3,x3,,,,,,,,,,,m
00:01:22.521,,,,,,,,,,,,,,e,
00:01:22.424,,,,,,,,,,,,,,,mo
00:01:22.328,,,,,,,,,,,,,,,
00:01:22.231,,,,,,,,,,,,,,,mi
00:01:22.134,,,,,,,,,,,,,,,
00:01:22.037,,x3,,,x3,,,,,,s,s,s,,m
00:01:21.940,,,,,,,,,,,,,,,
00:01:21.842,,,,,,,,,,,,,,,mo
00:01:21.745,,,,,,,,,,,,,,,
00:01:21.648,,,,,,,,,,,s,s,s,s,mi
00:01:21.550,,,,,,,,,,,,,,,
00:01:21.453,,,,,,,,,,,,,,,
00:01:21.355,,,,,,,,,,,,,,,
00:01:21.258,,,,,,,,,,,e,e,e,,
00:01:21.161,,,,,,,,,,,,,,,
00:01:21.063,,,x3,,,,,,,,,,,,
00:01:20.966,,,,,,,,,,,,,,,
00:01:20.868,,,,,,,,,,,,,,,
00:01:20.771,,,,,,,,,,,,,,,
00:01:20.675,,,,,,,,,,,,,,,
00:01:20.578,,,,,,,,,,,,,,,
00:01:20.481,,,,x3,,,,,,,,,,,
00:01:20.385,,,,,,,,,,,,,,,
00:01:20.289,,,,,,,,,,,,,,,
00:01:20.193,,,,,,,,,,,,,,,
00:01:20.097,,x3,,,,,,,,,,,,,
00:01:20.001,,,,,,,,,,,,,,,
00:01:19.906,,,,,,,,,,,,,,,
00:01:19.811,,,,,,,,,,,,,,,
00:01:19.715,,,,,,,,,,,,,,e,mo
00:01:19.621,,,,,,,,,,,,,,,
00:01:19.526,,,x3,,,,,,,,,,,,
00:01:19.431,,,,,,,,,,,,,,,
00:01:19.337,,,,,,,,,,,,,,,mi
00:01:19.241,,,,,,,,,,,,,,,
00:01:19.146,,,,,,,,,,,,,,,m
00:01:19.051,,,,,,,,,,,,,,,
00:01:18.955,,,,,,,,,,,s,s,s,,mo
00:01:18.859,,,,,,,,,,,,,,,
00:01:18.762,,@3,,,,,,,,,,,,,
00:01:18.665,,,,,,,,,,,,,,,
00:01:18.568,,,,,,,,,,,,,,s,mi
00:01:18.472,,,,,,,,,,,,,,,
00:01:18.375,,,,,,,,,,,,,,,
00:01:18.278,,,,,,,,,,,,,,,
00:01:18.181,,,,,,,,,,,,,,,
00:01:18.085,,,,,,,,,,,,,,e,mo
00:01:17.988,,$^3,,,,,,,,,,,,,
00:01:17.891,,,,,,,,,,,,,,,
00:01:17.794,,,,,,,,,,,,,,,
00:01:17.698,,,,,,,,,,,,,,,
00:01:17.601,,,,,,,,,,,,,,,mi
00:01:17.505,,,,,,,,,,,,,,,
00:01:17.408,,,x3,,,,,,,,,,,,m
00:01:17.312,,,,,,,,,,,,,,,
00:01:17.216,,,,,,,,,,,,,,,mo
00:01:17.119,,,,,,,,,,,,,,,
00:01:17.023,,@3,,,,,,,,,,,,,mi
00:01:16.927,,,,,,,,,,,,,,,
00:01:16.830,,,,,,,,,,,,,,s,
00:01:16.734,,,,,,,,,,,,,,,
00:01:16.638,,,,,,,,,,,,,,,
00:01:16.542,,,,,,,,,,,,,,e,mo
00:01:16.446,,,,,,,,,,,,,,,
00:01:16.350,,,,,,,,,,,,,,,
00:01:16.254,,$^3,,,,,,,,,,,,,
00:01:16.159,,,,,,,,,,,,,,,
00:01:16.064,,,,,,,,,,,,,,,mi
00:01:15.969,,,,,,,,,,,,,,,
00:01:15.874,,,,x3,,,,,,,,,,,m
00:01:15.779,,,,,,,,,,,,,,,
00:01:15.684,,,,,,,,,,,,,,,mo
00:01:15.590,,,,,,,,,,,,,,,
00:01:15.495,,,,,x3,,,,,,,,,,mi
00:01:15.399,,,,,,,,,,,,,,,
00:01:15.303,,,,,,,,,,,,,,s,
00:01:15.207,,,,,,,,,,,,,,,
00:01:15.112,,,,x3,,,,,,,e,e,e,e,
00:01:15.013,,,,,,,,,,,,,,,
00:01:14.915,,,,,,,,,,,,,,,mo
00:01:14.816,,,,,,,,,,,,,,,
00:01:14.718,,,,,@3,,,,,,,,,,
00:01:14.619,,,,,,,,,,,,,,,
00:01:14.520,,,,>3,^3,,,,,,,,,,mi
00:01:14.421,,,,,,,,,,,,,,,
00:01:14.322,,,,,,,,,,,,,,,m
00:01:14.228,,,,,,,,,,,,,,,
00:01:14.133,,,,$^3,,,,,,,,,,,mo
00:01:14.038,,,,,,,,,,,,,,,
00:01:13.943,,,,,,,,,,,,,,,mi
00:01:13.845,,,,,,,,,,,,,,,
00:01:13.748,,x3,,,,,,,,,,,,s,
00:01:13.651,,,,,,,,,,,,,,,
00:01:13.553,,,,,,,,,,,,,,,
00:01:13.456,,,,,,,,,,,,,,e,mo
00:01:13.358,,,,x3,,,,,,,,,,,
00:01:13.261,,,,,,,,,,,,,,,
00:01:13.164,,,,,,,,,,,,,,,
00:01:13.066,,,,,,,,,,,,,,,
00:01:12.969,,,,,,,,,,,,,,,mi
00:01:12.871,,,,,,,,,,,,,,,
00:01:12.774,,,,,,,,,,,s,s,s,,m
00:01:12.677,,,,,,,,,,,,,,,
00:01:12.580,,@3,,,,,,,,,,,,,mo
00:01:12.483,,,,,,,,,,,,,,,
00:01:12.386,,,,,,,,,,,,,,,mi
00:01:12.289,,,,,,,,,,,,,,,
00:01:12.193,,,,,,,,,,,,,,s,
00:01:12.096,,,,,,,,,,,,,,,
00:01:12.000,,,,,,,,,,,,,,e,mo
00:01:11.904,,,,,,,,,,,,,,,
00:01:11.808,,$^3,,,,,,,,,,,,,
00:01:11.712,,,,,,,,,,,,,,,
00:01:11.616,,,,,,,,,,,,,,,
00:01:11.520,,,,,,,,,,,,,,,
00:01:11.425,,,,,,,,,,,,,,,mi
00:01:11.329,,,,,,,,,,,,,,,
00:01:11.233,,,,,x3,,,,,,,,,,
00:01:11.136,,,,,,,,,,,,,,,m
00:01:11.040,,,,,,,,,,,,,,,
00:01:10.943,,,,,,,,,,,,,,,
00:01:10.847,,,,@3,,,,,,,,,,,m
00:01:10.750,,,,,,,,,,,,,,,
00:01:10.653,,,,,,,,,,,,,,s,m
00:01:10.557,,,,,,,,,,,,,,,
00:01:10.460,,,,,,,,,,,,,,,
00:01:10.363,,,,,,,,,,,,,,e,
00:01:10.266,,,,,,,,,,,,,,,
00:01:10.170,,,,,,,,,,,,,,,
00:01:10.073,,,,$^3,,,,,,,,,,,
00:01:09.976,,,,,,,,,,,,,,,
00:01:09.879,,,,,,,,,,,,,,,m
00:01:09.783,,,,,,,,,,,,,,,
00:01:09.686,,,x3,,,,,,,,,,,,
00:01:09.589,,,,,,,,,,,,,,,m
00:01:09.492,,,,,,,,,,,,,,,
00:01:09.395,,,,,,,,,,,,,,,
00:01:09.299,,,,,,,,,,,,,,,m
00:01:09.202,,,,,,,,,,,,,,,
00:01:09.105,,,,,,,,,,,,,,s,m
00:01:09.008,,,,,,,,,,,,,,,
00:01:08.912,,,,,x3,,,,,,,,,,
00:01:08.815,,,,,,,,,,,e,e,e,e,
00:01:08.718,,,,,,,,,,,,,,,
00:01:08.621,,,,,,,,,,,,,,,
00:01:08.524,,@3,,,@3,,,,,,,,,,
00:01:08.428,,,,,,,,,,,,,,,
00:01:08.331,,,,,,,,,,,,,,,m
00:01:08.235,,,,,,,,,,,,,,,
00:01:08.138,,,,,,,,,,,,,,,
00:01:08.042,,,,,,,,,,,,,,,m
00:01:07.946,,$^3,,,$^3,,,,,,,,,,
00:01:07.850,,,,,,,,,,,,,,,
00:01:07.754,,,,,,,,,,,,,,,m
00:01:07.658,,,,,,,,,,,,,,,
00:01:07.563,,,x3,x3,,,,,,,,,,s,m
00:01:07.467,,,,,,,,,,,,,,,
00:01:07.371,,,,,,,,,,,,,,,
00:01:07.276,,,,,,,,,,,,,,e,
00:01:07.181,,x3,,,x3,,,,,,,,,,
00:01:07.086,,,,,,,,,,,,,,,
00:01:06.991,,,,,,,,,,,,,,,
00:01:06.895,,,,,,,,,,,,,,,
00:01:06.799,,,,,,,,,,,,,,,m
00:01:06.703,,,,,,,,,,,,,,,
00:01:06.607,,,x3,x3,,,,,,,s,s,s,s,
00:01:06.511,,,,,,,,,,,,,,,m
00:01:06.414,,,,,,,,,,,,,,,
00:01:06.317,,,,,,,,,,,,,,,
00:01:06.220,,,,,,,,,,,,,,,m
00:01:06.123,,,,,,,,,,,,,,e,
00:01:06.027,,@3,<3,,,,,,,,,,,s,m
00:01:05.930,,,,,,,,,,,,,,,
00:01:05.833,,,,,,,,s,,,,,,e,mo
00:01:05.736,,,,,,,,,,,,,,,
00:01:05.640,,,,,,,,,,,,,,,
00:01:05.543,,,,,,,,,,,,,,,
00:01:05.446,,>3,^3,,,,,,,,e,e,e,,
00:01:05.349,,,,,,,,,,,,,,,
00:01:05.252,,,,,,,,,,,,,,,mi
00:01:05.156,,,,,,,,,,,,,,,
00:01:05.059,,,,,,,,e,,,,,,,m
00:01:04.962,,,,,,,,,,,,,,,
00:01:04.865,,$^3,,,,,,,,,,,,,mo
00:01:04.769,,,,,,,,,,,,,,,
00:01:04.672,,,,,,,,,,,,,,,
00:01:04.575,,,,,,,,,,,,,,,mi
00:01:04.478,,,,,,,,,,,,,,s,
00:01:04.382,,,,,,,,,,,,,,,
00:01:04.285,,x3,,,,,,,,,,,,,
00:01:04.188,,,,,,,,,,,,,,e,
00:01:04.091,,,,,,,,,,,,,,,
00:01:03.994,,,,,,,,,,,,,,,
00:01:03.898,,,,,r3,,,,,,,,,,
00:01:03.801,,,,,,,,,,,,,,,
00:01:03.704,,,,,,,,,,,,,,,m
00:01:03.607,,,,,,,,,,,,,,,
00:01:03.511,,,,,,,,,,,,,,,
00:01:03.414,,,,,,,,,,,,,,,m
00:01:03.317,,,,,,,,,,,s,s,s,,
00:01:03.220,,,,,,,,,,,,,,,
00:01:03.123,,,x3,,,,,,,,,,,,m
00:01:03.027,,,,,,,,,,,,,,,
00:01:02.930,,,,,,,,,,,,,,s,m
00:01:02.833,,,,,,,,,,,,,,,
00:01:02.736,,,,,,,,,,,,,,e,
00:01:02.640,,,,,,,,,,,,,,,
00:01:02.543,,,,,,,,,,,,,,,
00:01:02.446,,,,,,,,,,,,,,,
00:01:02.349,,@3,,,@3,,,,,,,,,,
00:01:02.252,,,,,,,,,,,,,,,
00:01:02.156,,,,,,,,,,,,,,,m
00:01:02.059,,,,,,,,,,,,,,,
00:01:01.962,,,,,,,,,,,,,,,
00:01:01.865,,,,,,,,,,,,,,,m
00:01:01.769,,$^3,,,$^3,,,,,,,,,,
00:01:01.672,,,,,,,,,,,,,,,
00:01:01.575,,,,,,,,,,,,,,,m
00:01:01.478,,,,,,,,,,,,,,,
00:01:01.382,,,,,,,,,,,,,,s,m
00:01:01.285,,,,,,,,,,,,,,,
00:01:01.188,,,,,,,,,,,,,,,
00:01:01.091,,,,,,,,,,,,,,,
00:01:00.994,,,,,,,,,,,,,,e,
00:01:00.898,,,,,,,,,,,,,,,
00:01:00.801,,,,r3,,,,,,,,,,,
00:01:00.704,,,,,,,,,,,,,,,
00:01:00.607,,,,,,,,,,,,,,,m
00:01:00.511,,,,,,,,,,,,,,,
00:01:00.414,,,,,,,,,,,,,,,
00:01:00.317,,,,,,,,,,,,,,,m
00:01:00.220,,x3,,,,,,,,,,,,s,
00:01:00.123,,,,,,,,,,,,,,,
00:01:00.026,,,,,,,,,,,,,,,m
00:00:59.929,,,,,,,,,,,,,,,
00:00:59.832,,,,,,,,,,,,,,,m
00:00:59.734,,,,,,,,,,,,,,e,
00:00:59.637,,,,@3,,,,,,,,,,,
00:00:59.540,,,,,,,,,,,,,,,
00:00:59.442,,,,,,,,,,,,,,,
00:00:59.344,,,,,,,,,,,,,,,
00:00:59.247,,,,,,,,,,,,,,,
00:00:59.149,,,,^3,<3,,,,,,,,,,
00:00:59.051,,,,,,,,,,,,,,,
00:00:58.953,,,,,,,,,,,,,,,
00:00:58.855,,,,,,,,,,,,,,,
00:00:58.757,,,,,,,,,,,,,,,
00:00:58.660,,,,,$^3,,,,,,,,,,
00:00:58.562,,,,,,,,,,,,,,,
00:00:58.464,,,,,,,,,,,,,,,
00:00:58.366,,,,,,,,,,,,,,,
00:00:58.269,,,,,,,,,,,,,,,
00:00:58.171,,,,,,,,,,,,,,,
00:00:58.074,,,,x3,,,,,,,,,,,
00:00:57.976,,,,,,,,,,,,,,e,
00:00:57.879,,,,,,,,,,,,,,,
00:00:57.782,,,,,,,,,,,,,,,
00:00:57.685,,,,,,,,,,,,,,,
00:00:57.588,,,,,,,,,,,,,,,
00:00:57.491,,,,,,,,,,,,,,,m
00:00:57.394,,,,,,,,,,,,,,,
00:00:57.297,,,x3,,,,,,,,,,,,m
00:00:57.200,,,,,,,,,,,,,,,
00:00:57.103,,,,,,,,,,,,,,,
00:00:57.006,,,,,,,,,,,,,,,
00:00:56.909,,,,,,,,,,,,,,,m
00:00:56.812,,,,,,,,,,,,,,,
00:00:56.714,,x3,,,,,,,,,,,,s,m
00:00:56.617,,,,,,,,,,,,,,,
00:00:56.519,,,,,,,,,,,,,,e,mo
00:00:56.422,,,,,,,,,,,,,,,
00:00:56.324,,,,,,,,,,,,,,,
00:00:56.226,,,,,,,,,,,,,,,
00:00:56.128,,,x3,,,,,,,,,,,,
00:00:56.031,,,,,,,,,,,,,,,
00:00:55.933,,,,,,,,,,,,,,,mi
00:00:55.835,,,,,,,,,,,,,,,
00:00:55.738,,,,x3,,,,,,,,,,,
00:00:55.641,,,,,,,,,,,,,,,m
00:00:55.545,,,,,,,,,,,,,,,
00:00:55.448,,,,,,,,,,,,,,,
00:00:55.351,,,,,,,,,,,,,,,m
00:00:55.256,,,,,,,,,,,,,,,
00:00:55.160,,,@3,,,,,,,,,,,s,m
00:00:55.064,,,,,,,,,,,,,,,
00:00:54.969,,,,,,,,,,,,,,,
00:00:54.874,,,,,,,,,,,,,,,
00:00:54.779,,>3,^3,,,,,,,,,,,e,
00:00:54.684,,,,,,,,,,,,,,,
00:00:54.588,,,,,,,,,,,,,,,
00:00:54.490,,,,,,,,,,,,,,,
00:00:54.392,,,,,,,,,,,,,,,m
00:00:54.294,,,,,,,,,,,,,,,
00:00:54.196,,,,,,,,,,,,,,,m
00:00:54.098,,,,,,,,,,,,,,,
00:00:54.000,,$^3,,,,,,,,,,,,,
00:00:53.902,,,,,,,,,,,,,,,
00:00:53.804,,,,,,,,,,,,,,,m
00:00:53.706,,,,,,,,,,,,,,,
00:00:53.609,,,,,,,,,,,,,,s,m
00:00:53.511,,,,,,,,,,,,,,,
00:00:53.414,,,,,,,,,,,,,,,
00:00:53.317,,,,,,,,,,,,,,,
00:00:53.220,,,x3,,,,,,,,,,,e,
00:00:53.123,,,,,,,,,,,,,,,
00:00:53.026,,,,,,,,,,,,,,,
00:00:52.929,,,,,,,,,,,,,,,
00:00:52.832,,,,,,,,,,,,,,,m
00:00:52.734,,,,,,,,,,,,,,,
00:00:52.637,,x3,,,,,,,,,,,,,m
00:00:52.538,,,,,,,,,,,,,,,
00:00:52.440,,,,,,,,,,,,,,,
00:00:52.341,,,,,,,,,,,,,,,
00:00:52.242,,,,,,,,,,,,,,,m
00:00:52.144,,@3,,,@3,,,,,,,,,,
00:00:52.045,,,,,,,,,,,,,,s,m
00:00:51.946,,,,,,,,,,,,,,,
00:00:51.848,,,,,,,,,,,,,,e,
00:00:51.749,,,,,,,,,,,,,,,
00:00:51.651,,,,,,,,,,,,,,,
00:00:51.553,,,,,,,,,,,,,,,
00:00:51.454,,^3,<3,>3,^3,,,,,,,,,,
00:00:51.357,,,,,,,,,,,,,,,m
00:00:51.259,,,,,,,,,,,,,,,
00:00:51.161,,,,,,,,,,,,,,,
00:00:51.063,,,,,,,,,,,,,,,m
00:00:50.966,,,,,,,,,,,,,,,
00:00:50.869,,,$^3,$^3,,,,,,,,,,,
00:00:50.771,,,,,,,,,,,,,,,
00:00:50.674,,,,,,,,,,,,,,,m
00:00:50.576,,,,,,,,,,,,,,,
00:00:50.479,,,,,,,,,,,,,,s,m
00:00:50.382,,,,,,,,,,,,,,,
00:00:50.284,,,,,,,,,,,,,,,
00:00:50.187,,,,,,,,,,,,,,e,
00:00:50.089,,x3,,,,,,,,,,,,,
00:00:49.992,,,,,,,,,,,,,,,
00:00:49.895,,,,,,,,,,,,,,,
00:00:49.797,,,,,,,,,,,,,,,
00:00:49.700,,,,r3,,,,,,,,,,,m
00:00:49.602,,,,,,,,,,,,,,,
00:00:49.505,,,,,,,,,,,,,,,m
00:00:49.408,,,,,,,,,,,,,,,
00:00:49.310,,,,,,,,,,,,,,,
00:00:49.213,,,,,,,,,,,,,,,
00:00:49.115,,,,,x3,,,,,,,,,,m
00:00:49.018,,,,,,,,,,,,,,,
00:00:48.921,,,,,,,,,,,,,,s,m
00:00:48.823,,,,,,,,,,,,,,,
00:00:48.726,,,,,,,,,,,,,,,
00:00:48.628,,,,,,,,,,,,,,e,
00:00:48.531,,,,r3,,,,,,,,,,,
00:00:48.434,,,,,,,,,,,,,,,
00:00:48.336,,,,,,,,,,,,,,,
00:00:48.239,,,,,,,,,,,,,,,
00:00:48.141,,,,,,,,,,,,,,,m
00:00:48.044,,,,,,,,,,,,,,,
00:00:47.947,,,,,,,,,,,,,,,
00:00:47.849,,,,,,,,,,,,,,,m
00:00:47.752,,,x3,,,,,,,,,,,,
00:00:47.654,,,,,,,,,,,,,,,
00:00:47.557,,,,,,,,,,,,,,,m
00:00:47.460,,,,,,,,,,,,,,,
00:00:47.362,,x3,,,,,,,,,,,,s,m
00:00:47.265,,,,,,,,,,,,,,,
00:00:47.167,,,,,,,,,,,,,,,
00:00:47.070,,,,,,,,,,,,,,,
00:00:46.973,,,,,,,,,,,,,,e,
00:00:46.875,,,,,,,,,,,,,,,
00:00:46.778,,,,,,,,,,,,,,,
00:00:46.680,,,,,,,,,,,,,,,
00:00:46.583,,,,,,,,,,,,,,,m
00:00:46.486,,,,,,,,,,,,,,,
00:00:46.388,,,,,@3,,,,,,,,,,
00:00:46.291,,,,,,,,,,,,,,,m
00:00:46.194,,,,,$^3,,,,,,,,,,
00:00:46.097,,,,,,,,,,,,,,,
00:00:46.000,,,,,,,,,,,,,,,m
00:00:45.903,,,,,,,,,,,,,,,
00:00:45.806,,,,,,,,,,,,,,s,m
00:00:45.710,,,,,,,,,,,,,,,
00:00:45.613,,,,,x3,,,,,,,,,,
00:00:45.517,,,,,,,,,,,,,,,
00:00:45.422,,,,,,,,,,,,,,,
00:00:45.326,,,,,,,,,,,,,,,
00:00:45.230,,@3,,,@3,,,,,,,,,,
00:00:45.136,,,,,,,,,,,,,,,
00:00:45.042,,,,,,,,,,,,,,,
00:00:44.948,,,,,,,,,,,,,,,
00:00:44.854,,,,,,,,,,,,,,,
00:00:44.756,,,,,,,,,,,,,,,
00:00:44.658,,$^3,,,$^3,,,,,,,,,,
00:00:44.560,,,,,,,,,,,,,,,
00:00:44.462,,,,,,,,,,,,,,,
00:00:44.364,,,,,,,,,,,,,,,
00:00:44.266,,,,,,,,,,,,,,,
00:00:44.168,,,,,,,,,,,,,,,
00:00:44.070,,,,,,,,,,,,,,,
00:00:43.972,,,,,,,,,,,,,,,
00:00:43.874,,,,,,,,,,,,,,e,
00:00:43.776,,,,,,,,,,,,,,,
00:00:43.678,,,,r3,,,,,,,,,,,
00:00:43.580,,,,,,,,,,,,,,,
00:00:43.482,,,,,,,,,,,,,,,m
00:00:43.384,,,,,,,,,,,,,,,
00:00:43.286,,,,,,,,,,,,,,,m
00:00:43.188,,,,,,,,,,,,,,,
00:00:43.090,,,,,x3,,,,,,,,,,
00:00:42.992,,,,,,,,,,,,,,,
00:00:42.893,,,,,,,,,,,,,,,m
00:00:42.795,,,,,,,,,,,,,,,
00:00:42.697,,,,,,,,,,,,,,,
00:00:42.599,,,,,,,,,,,,,,,
00:00:42.501,,@3,,,,,,,,,,,,,m
00:00:42.403,,,,,,,,,,,,,,,
00:00:42.305,,,,,,,,,,,,,,,mo
00:00:42.207,,,,,,,,,,,,,,,
00:00:42.109,,^3,<3,,,,,,,,,,,,
00:00:42.011,,,,,,,,,,,,,,,
00:00:41.913,,,,,,,,,,,,,,,mi
00:00:41.815,,,,,,,,,,,,,,,
00:00:41.717,,,,,,,,,,,,,,,m
00:00:41.619,,,,,,,,,,,,,,,
00:00:41.521,,,$^3,,,,,,,,,,,,
00:00:41.423,,,,,,,,,,,,,,,
00:00:41.325,,,,,,,,,,,,,,,m
00:00:41.227,,,,,,,,,,,,,,,
00:00:41.129,,,,,,,,,,,,,,s,m
00:00:41.031,,,,,,,,,,,,,,,
00:00:40.934,,l3,,,,,,,,,,,,,
00:00:40.836,,,,,,,,,,,,,,e,
00:00:40.739,,,,,,,,,,,,,,,
00:00:40.641,,,,,,,,,,,,,,,
00:00:40.544,,,,,,,,,,,,,,,
00:00:40.447,,,,,,,,,,,,,,,
00:00:40.350,,,,,x3,,,,,,,,,,m
00:00:40.253,,,,,,,,,,,,,,,
00:00:40.156,,,,,,,,,,,,,,,m
00:00:40.061,,,,,,,,,,,,,,,
00:00:39.965,,,,,,,,,,,,,,,
00:00:39.870,,,,,,,,,,,,,,,
00:00:39.775,,x3,,,,,,,,,,,,,m
00:00:39.679,,,,,,,,,,,,,,,
00:00:39.584,,,,,,,,,,,,,,s,m
00:00:39.488,,,,,,,,,,,,,,,
00:00:39.393,,,,,,,,,,,,,,,
00:00:39.294,,,,,,,,,,,,,,e,
00:00:39.194,,,,,r3,,,,,,,,,,
00:00:39.095,,,,,,,,,,,,,,,
00:00:38.996,,,,,,,,,,,,,,,
00:00:38.896,,,,,,,,,,,,,,,
00:00:38.797,,,,,,,,,,,,,,,m
00:00:38.698,,,,,,,,,,,,,,,
00:00:38.598,,,,,,,,,,,,,,,m
00:00:38.499,,,,,,,,,,,,,,,
00:00:38.400,,x3,,,,,,,,,,,,,
00:00:38.300,,,,,,,,,,,,,,,
00:00:38.201,,,,,,,,,,,,,,,m
00:00:38.102,,,,,,,,,,,,,,,
00:00:38.002,,,,,,,,,,,,,,s,m
00:00:37.903,,,,,,,,,,,,,,,
00:00:37.804,,@3,,,@3,,,,,,,,,,
00:00:37.707,,,,,,,,,,,,,,,
00:00:37.610,,,,,,,,,,,,,,e,
00:00:37.513,,,,,,,,,,,,,,,
00:00:37.416,,,,,,,,,,,,,,,
00:00:37.322,,,,,,,,,,,,,,,
00:00:37.227,,,,,,,,,,,,,,,m
00:00:37.132,,,,,,,,,,,,,,,
00:00:37.038,,$^3,,,$^3,,,,,,,,,,
00:00:36.937,,,,,,,,,,,,,,,
00:00:36.836,,,,,,,,,,,,,,,m
00:00:36.736,,,,,,,,,,,,,,,
00:00:36.635,,,,x3,,,,,,,,,,,m
00:00:36.534,,,,,,,,,,,,,,,
00:00:36.434,,,,,,,,,,,,,,s,m
00:00:36.333,,,,,,,,,,,,,,,
00:00:36.232,,,,,x3,,,,,,,,,,
00:00:36.134,,,,,,,,,,,,,,,
00:00:36.037,,,,,,,,,,,,,,e,
00:00:35.939,,,,,,,,,,,,,,,
00:00:35.841,,x3,,,,,,,,,,,,,
00:00:35.746,,,,,,,,,,,,,,,
00:00:35.651,,,,,,,,,,,,,,,m
00:00:35.556,,,,,,,,,,,,,,,
00:00:35.461,,,,,,,,,,,e,e,e,,
00:00:35.365,,,,,,,,,,,,,,,m
00:00:35.268,,,x3,,,,,,,,,,,,
00:00:35.171,,,,,,,,,,,,,,,
00:00:35.074,,,,,,,,,,,,,,,m
00:00:34.979,,,,,,,,,,,,,,,
00:00:34.885,,x3,,,,,s,,,,,,,s,m
00:00:34.790,,,,,,,,,,,,,,,
00:00:34.695,,,,,,,,,,,,,,,
00:00:34.597,,,,,,,,,,,,,,,
00:00:34.499,,,,,,,,,,,,,,e,
00:00:34.401,,,,,,,,,,,,,,,
00:00:34.304,*,l3,#,#,r3,*,,,,,,,,,
00:00:34.203,,,,,,,,,,,,,,,
00:00:34.102,,,,,,,,,,,,,,,m
00:00:34.002,,,,,,,,,,,,,,,
00:00:33.901,,,,,,,,s,,,,,,,
00:00:33.800,,,,,,,,,,,,,,,m
00:00:33.700,,,,,@3,,,,,,,,,,
00:00:33.599,,,,,,,,,,,,,,,
00:00:33.498,,,,,,,,,,,,,,,m
00:00:33.398,,,,,,,,,,,,,,,
00:00:33.297,,,,,$^3,,,,,,,,,s,m
00:00:33.196,,,,,,,,,,,,,,,
00:00:33.096,,,,,,,,,,,,,,,
00:00:32.991,,,,,,,,,,,,,,e,
00:00:32.887,,x3,,,,,,,,,,,,,
00:00:32.782,,,,,,,,,,,,,,,
00:00:32.677,,,,,,,,,,,,,,,
00:00:32.575,,,,,,,,,,,,,,,
00:00:32.472,,,,,x3,,,,,,,,,,m
00:00:32.370,,,,,,,,,,,,,,,
00:00:32.267,,,,,,,,,,,s,s,s,,
00:00:32.149,,,,,,,,,,,,,,,m
00:00:32.031,,x3,,,,,,,,,,,,,
00:00:31.912,,,,,,,,,,,,,,,
00:00:31.794,,,,,,,,,,,e,e,e,,m
00:00:31.647,,,,,,,,e,,,,,,,
00:00:31.500,,x4,,,x3,,,,,,,,,s,m
00:00:31.353,,,,,,,,,,,s,s,s,,
00:00:31.206,,,,,,,,,,,,,,,
00:00:31.059,,,,,,,,,,,e,e,e,,
00:00:30.912,,x4,,,x3,,,,,,,,,,
00:00:30.765,,,,,,,,,,,s,s,s,,
00:00:30.618,,,,,,,,,,,,,,,
00:00:30.470,,,,,,,,,,,,,,,
00:00:30.323,,,,,,,,,,,,,,,
00:00:30.176,,,,,,,,,,,e,e,e,,
00:00:30.029,,x4,,,x3,,,s,,,s,s,s,s,
00:00:29.882,,,,,,,,,,,,,,,
00:00:29.735,,,,,,,,,,,,,,,
00:00:29.588,,,,,,,,,,,,,,,
00:00:29.441,,@4,,,,,,,,,,,,,
00:00:29.294,,,,,,,,,,,,,,,
00:00:29.147,,,,,,,,,,,,,,,
00:00:29.000,,,,,,,,,,,,,,,
00:00:28.853,,,,,@3,,,,,,e,e,e,e,
00:00:28.704,,,,,,,,,,,,,,,
00:00:28.556,,,,,,,,,,,,,,,
00:00:28.407,,,,,,,,,,,,,,,
00:00:28.259,,,,,,,,,,,,,,,
00:00:28.108,,,,,,,,,,,,,,,
00:00:27.956,,,,,,,,,,,,,,,
00:00:27.805,,,,,,,,,,,,,,,
00:00:27.654,,,,,,,,e,,,,,,,
00:00:27.500,,,,,,,,,,,,,,,
00:00:27.347,,$^4,,,$^3,,,,,,s,s,s,,
00:00:27.193,,,,,,,,,,,,,,,
00:00:27.039,,,,,,,,,,,e,e,e,,
00:00:26.887,,,,,,,,,,,,,,,
00:00:26.734,,x3,,,x3,,,,,,s,s,s,,
00:00:26.581,,,,,,,,,,,,,,,
00:00:26.428,,,,,,,,,,,e,e,e,,
00:00:26.286,,,,,,,,,,,,,,,
00:00:26.144,,x3,,,,,,,,,,,,,
00:00:26.001,,,,,,,,,,,s,s,s,,
00:00:25.859,,,,,,,,,,,,,,,
00:00:25.721,,,,,,,,,,,,,,,
00:00:25.583,,,,,,,,,,,e,e,e,,
00:00:25.444,,,,,,,,,,,,,,,
00:00:25.306,,x3,,,x3,,,s,,,s,s,s,,
00:00:25.168,,,,,,,,,,,,,,,
00:00:25.030,,,,,,,,,,,,,,,
00:00:24.891,,,,,,,,,,,,,,,
00:00:24.753,,,,,,,,,,,,,,,
00:00:24.607,,,,,,,,,,,,,,,
00:00:24.461,,@3,,,,,,,,,,,,,
00:00:24.314,,,,,,,,,,,,,,,
00:00:24.168,,,,,,,,,,,,,,,
00:00:24.012,,,,,,,,,,,,,,,
00:00:23.855,,$^3,,,,,,,,,,,,,
00:00:23.699,,,,,,,,,,,,,,,
00:00:23.542,,,,,,,,,,,,,,,
00:00:23.380,,,,,x3,,,,,,,,,,
00:00:23.217,,,,,,,,,,,,,,,
00:00:23.055,,,,,,,,,,,,,,,
00:00:22.892,,l3,,,,,,,,,,,,,
00:00:22.736,,,,,,,,,,,,,,,
00:00:22.579,,,,,,,,,,,,,,,
00:00:22.423,,,,,,,,,,,,,,,
00:00:22.266,,@3,,,@3,,,,,,,,,,
00:00:22.120,,,,,,,,,,,,,,,
00:00:21.973,,,,,,,,,,,,,,,
00:00:21.827,,,,,,,,,,,,,,,
00:00:21.680,,,,,,,,,,,,,,,
00:00:21.522,,,,,,,,,,,,,,,
00:00:21.364,,$^3,,,$^3,,,,,,,,,,
00:00:21.207,,,,,,,,,,,,,,,
00:00:21.049,,,,,,,,,,,,,,,
00:00:20.891,,,,,,,,,,,,,,,
00:00:20.733,,,,,,,,e,,,,,,,
00:00:20.575,,,,,,,,,,,,,,,
00:00:20.417,,x3,,,,,,,,,,,,,
00:00:20.262,,,,,,,,,,,,,,,
00:00:20.106,,,,,,,,s,,,,,,s,
00:00:19.951,,,,,,,,,,,,,,,
00:00:19.796,,@3,,,,,,,,,,,,e,
00:00:19.643,,,,,,,,,,,,,,,
00:00:19.490,,,,,,,,,,,,,,,
00:00:19.337,,,,,,,,,,,,,,,
00:00:19.184,,,,,,,,,,,,,,,
00:00:19.032,,,,,,,,,,,,,,,
00:00:18.880,,$^3,,,,,,,,,,,,,
00:00:18.727,,,,,,,,,,,,,,,
00:00:18.575,,,,,@3,,,,,,,,,,
00:00:18.423,,,,,,,,,,,,,,,
00:00:18.272,,,,,,,,,,,,,,,
00:00:18.120,,,,,,,,e,,,,,,,
00:00:17.968,,,,,,,,,,,,,,,
00:00:17.817,,,,,,,,,,,,,,,
00:00:17.667,,,,,$^3,,,s,,,,,,,
00:00:17.516,,,,,,,,,,,,,,,
00:00:17.365,,@3,,,,,,,,,,,,,
00:00:17.215,,,,,,,,,,,,,,,
00:00:17.064,,$^3,,,,,,,,,,,,,
00:00:16.914,,,,,,,,,,,,,,,
00:00:16.763,,,,,@3,,,,,,,,,,
00:00:16.612,,,,,,,,,,,,,,,
00:00:16.460,,,,,$^3,,,,,,,,,,
00:00:16.309,,,,,,,,,,,,,,,
00:00:16.157,,,,,,,,,,,,,,,
00:00:16.004,,,,,,,,,,,,,,,
00:00:15.852,,@3,,,,,,,,,,,,,
00:00:15.699,,,,,,,,e,,,,,,,
00:00:15.547,,$^3,,,,,,,,,,,,s,
00:00:15.397,,,,,,,,,,,,,,,
00:00:15.247,,,,,,,,s,,,,,,,
00:00:15.097,,,,,,,,,,,,,,,
00:00:14.947,,,,,@3,<3,,,,,,,,e,
00:00:14.798,,,,,,,,,,,,,,,
00:00:14.649,,,,,,,,,,,,,,,
00:00:14.500,,,,,,,,,,,,,,,
00:00:14.351,,,,,,,,,,,,,,,
00:00:14.198,,,,,,,,,,,,,,,
00:00:14.046,,,,,,,,,,,,,,,
00:00:13.893,,,,,>3,^3,,,,,,,,,
00:00:13.740,,,,,,,,,,,,,,,
00:00:13.586,,,,,,,,,,,,,,,
00:00:13.432,,,,,,,,,,,,,,,
00:00:13.278,,,,,,,,e,,,,,,,
00:00:13.124,,,,,,,,,,,,,,,
00:00:12.971,,,,,$^3,,,,,,,,,,
00:00:12.818,,,,,,,,s,,,,,,,
00:00:12.665,,,,,,,,,,,,,,,
00:00:12.512,,x3,,,,,,,,,,,,s,
00:00:12.360,,,,,,,,,,,,,,,
00:00:12.208,,,,,,,,,,,,,,,
00:00:12.055,,,,,,,,,,,,,,,
00:00:11.903,,@3,,,,,,,,,,,,e,
00:00:11.756,,,,,,,,,,,,,,,
00:00:11.609,,,,,,,,,,,,,,,
00:00:11.462,,,,,,,,,,,,,,,
00:00:11.315,,,,,,,,,,,,,,,
00:00:11.169,,,,,,,,,,,,,,,
00:00:11.023,,,,,,,,,,,,,,,
00:00:10.877,,^3,<3,,,,,,,,,,,,
00:00:10.731,,,,,,,,,,,,,,,
00:00:10.578,,,,,,,,,,,,,,,
00:00:10.426,,,,,,,,,,,,,,,
00:00:10.273,,,,,,,,,,,,,,,
00:00:10.120,,,,,,,,,,,,,,,
00:00:09.964,,,,,,,,,,,,,,,
00:00:09.808,,,,,,,,,,,,,,,
00:00:09.651,,,,,,,,,,,,,,,
00:00:09.495,,,,,,,,,,,,,,,
00:00:09.339,,>3,^3,,,,,,,,,,,,
00:00:09.183,,,,,,,,,,,,,,,
00:00:09.026,,,,,,,,,,,,,,,
00:00:08.870,,,,,,,,,,,,,,,
00:00:08.714,,,,,,,,,,,,,,,
00:00:08.558,,,,,,,,,,,,,,,
00:00:08.401,,,,,,,,,,,,,,,
00:00:08.245,,$^3,,,,,,,,,,,,,
00:00:08.089,,,,,,,,,,,,,,,
00:00:07.933,,,,,,,,,,,,,,,
00:00:07.776,,,,,,,,,,,,,,,
00:00:07.620,,,,,,,,,,,,,,,
00:00:07.461,,,,,,,,,,,,,,,
00:00:07.303,,,,,,,,,,,,,,s,
00:00:07.144,,,,,,,,,,,,,,,
00:00:06.985,,,,,@3,,,,,,,,,,
00:00:06.821,,,,,,,,,,,,,,e,
00:00:06.657,,,,,,,,,,,,,,,
00:00:06.493,,,,,,,,,,,,,,,
00:00:06.329,,,,,,,,,,,,,,,
00:00:06.165,,,,,,,,,,,,,,,
00:00:06.001,,,,,$^3,,,,,,,,,,
00:00:05.838,,,,,,,,,,,,,,,
00:00:05.674,,,,,,,,,,,,,,,
00:00:05.516,,,,,,,,,,,,,,,
00:00:05.358,,x3,,,,,,,,,,,,,
00:00:05.200,,,,,,,,,,,,,,,
00:00:05.042,,,,,,,,,,,,,,,
00:00:04.886,,,,,,,,,,,,,,,
00:00:04.731,,,,,x3,,,,,,,,,s,
00:00:04.576,,,,,,,,,,,,,,,
00:00:04.420,,,,,,,,,,,,,,,
00:00:04.263,,@3,,,,,,,,,,,,e,
00:00:04.106,,,,,,,,,,,,,,,
00:00:03.949,,,,,,,,,,,,,,,
00:00:03.792,,,,,,,,,,,,,,,
00:00:03.631,,,,,,,,,,,,,,,
00:00:03.469,,,,,,,,,,,,,,,
00:00:03.308,,,,,,,,,,,,,,,
00:00:03.147,,$^3,,,,,,,,,,,,,
00:00:02.978,,,,,,,,,,,,,,,
00:00:02.809,,,,,x3,,,,,,,,,,
00:00:02.641,,,,,,,,,,,,,,,
00:00:02.472,,,,,,,,,,,,,,,
00:00:02.315,,,,,,,,,,,,,,,
00:00:02.157,,x3,,,,,,,,,,,,,
00:00:02.000,,,,,,,,,,,,,,,
00:00:01.842,,,,,,,,,,,,,,,
00:00:01.679,,,,,,,,,,,,,,,
00:00:01.515,,,,,x3,,,,,,,,,,
00:00:01.351,,,,,,,,,,,,,,,
00:00:01.187,,@3,,,,,,,,,,,,,
00:00:01.004,,,,,,,,,,,,,,,
00:00:00.821,,,,,,,,,,,,,,,
00:00:00.637,,,,,,,,,,,,,,,
00:00:00.454,,$^3,,,,,,,,s,,,,,
00:00:00.340,,,,,,,,,,,,,,,
00:00:00.227,,,,,,,,,,,,,,,
00:00:00.113,,,,,x3,,,,,,,,,s,
00:00:00.000,*,,*,*,,*,,,,,,,,,