00:03:45.073,,,,,,,,,,,,,,
00:03:44.935,,,,,,,,,,,,,,
00:03:44.798,,,,,,,,,,,,,,
00:03:44.660,,,,,,,,,,,,,,
00:03:44.523,,,,,,,,,,,,,,
00:03:44.385,,,,,,,,,,,,,,
00:03:44.247,,,,,,,,,,,,,,
00:03:44.110,,,,,,,,,,,,,,
00:03:43.972,,,,,,,,,,,,,,
00:03:43.835,,,,,,,,,,,,,,
00:03:43.697,,,,,,,,,,,,,,
00:03:43.559,,,,,,,,,,,,,,
00:03:43.422,,,,,,,,,,,,,,
00:03:43.284,,,,,,,,,,,,,,
00:03:43.146,,,,,,,,,,,,,,
00:03:43.009,,,,,,,,,,,,,,
00:03:42.871,,,,,,,,,,,,,,
00:03:42.734,,,,,,,,,,,,,,
00:03:42.596,,,,,,,,,,,,,,
00:03:42.458,,,,,,,,,,,,,,
00:03:42.321,,,,,,,,,,,,,,
00:03:42.183,,,,,,,,,,,,,,
00:03:42.046,,,,,,,,,,,,,,
00:03:41.908,,,,,,,,,,,,,,
00:03:41.770,,,,,,,,,,,,,,
00:03:41.633,,,,,,,,,,,,,,
00:03:41.495,,,,,,,,,,,,,,
00:03:41.357,,,,,,,,,,,,,,
00:03:41.220,,,,,,,,,,,,,,
00:03:41.082,,,,,,,,,,,,,,
00:03:40.945,,,,,,,,,,,,,,
00:03:40.807,,,,,,,,,,,,,,
00:03:40.669,,,,,,,,,,,,,,
00:03:40.532,,,,,,,,,,,,,,
00:03:40.394,,,,,,,,,,,,,,
00:03:40.257,,,,,,,,,,,,,,
00:03:40.119,,,,,,,,,,,,,,
00:03:39.981,,,,,,,,,,,,,,
00:03:39.844,,,,,,,,,,,,,,
00:03:39.706,,,,,,,,,,,,,,
00:03:39.568,,,,,,,,,,,,,,
00:03:39.431,,,,,,,,,,,,,,
00:03:39.293,,,,,,,,,,,,,,
00:03:39.156,,,,,,,,,,,,,,
00:03:39.018,,,,,,,w,w,w,w,,,,
00:03:38.880,,,,,,,,,,,,,,
00:03:38.743,,,,,,,,,,,,,,
00:03:38.605,,,,,,,,,,,,,,
00:03:38.468,,,,,,,,,,,,,,
00:03:38.330,,,,,,,,,,,,,,
00:03:38.192,,,,,,,,,,,,,,
00:03:38.055,,,,,,,,,,,,,,
00:03:37.917,,,,,,x2,e,e,e,,,,,
00:03:37.779,,,,,,,,,,,,,,
00:03:37.642,,,,,,,,,,,,,,
00:03:37.504,,,,,,,,,,,,,,
00:03:37.367,,,,,x2,,,,,,,,,
00:03:37.229,,,,,,,,,,,,,,
00:03:37.091,,,,,,,,,,,,,,
00:03:36.954,,,,,,,,,,,,,,
00:03:36.816,,,,x2,,,,,,,,,,
00:03:36.679,,,,,,,,,,,,,,
00:03:36.541,,,,,,,,,,,,,,
00:03:36.403,,,,,,,,,,,,,,
00:03:36.266,,,,,x2,,,,,,,,,
00:03:36.128,,,,,,,,,,,,,,
00:03:35.990,,,,,,,,,,,,,,
00:03:35.853,,,,,,,,,,,,,,
00:03:35.715,,,,,,x2,,,,,,,,
00:03:35.578,,,,,,,,,,,,,,
00:03:35.440,,,,,,,,,,,,,,
00:03:35.302,,,,,,,,,,,,,,
00:03:35.165,,,,,x2,,,,,,,,,
00:03:35.027,,,,,,,,,,,,,,
00:03:34.890,,,,,,,,,,,,,,
00:03:34.752,,,,,,,,,,,,,,
00:03:34.614,,,,x2,,,,,,,,,,
00:03:34.477,,,,,,,,,,,,,,
00:03:34.339,,,,,,,,,,,,,,
00:03:34.201,,,,,,,,,,,,,,
00:03:34.064,,,,,x2,,,,,,,,,
00:03:33.926,,,,,,,,,,,,,,
00:03:33.789,,,,,,,,,,,,,,
00:03:33.651,,,,,,,,,,,,,,
00:03:33.513,,,,,,x2,,,,,,,,
00:03:33.376,,,,,,,,,,,,,,
00:03:33.238,,,,,,,,,,,,,,
00:03:33.101,,,,,,,,,,,,,,
00:03:32.963,,,,,x2,,,,,,,,,
00:03:32.825,,,,,,,,,,,,,,
00:03:32.688,,,,,,,,,,,,,,
00:03:32.550,,,,,,,,,,,,,,
00:03:32.413,,,,x2,,,,,,,,,,
00:03:32.275,,,,,,,,,,,,,,
00:03:32.137,,,,,,,,,,,,,,
00:03:32.000,,,,,,,,,,,,,,e
00:03:31.862,,,@3,,,,,,,,,,,
00:03:31.724,,,,,,,,,,,,,,
00:03:31.587,,,,,,,,,,,,,,
00:03:31.449,,,,,,,,,,,,,,
00:03:31.312,,,,,,,,,,,,,,
00:03:31.174,,,,,,,,,,,,,,
00:03:31.036,,,,,,,,,,,,,,
00:03:30.899,,,,,,,,,,,,,,
00:03:30.761,,,,,,,,,,,,,,
00:03:30.624,,>3,^3,,,,,,,,,,,
00:03:30.486,,,,,,,,,,,,,,
00:03:30.348,,,,,,,,,,,,,,
00:03:30.211,,,,,,,,,,,,,,
00:03:30.073,,,,,,,,,,,,,,
00:03:29.935,,,,,,,,,,,,,,
00:03:29.798,,,,,,,,,,,,,,
00:03:29.660,,,,,,,,,,,,,,
00:03:29.523,,,,,,,,,,,,,,
00:03:29.385,,,,,,,,,,,,,,
00:03:29.247,,,,,,,,,,,,,,
00:03:29.110,,$^3,,,,,,,,,,,,s
00:03:28.972,,,,,,,,,,,,,,
00:03:28.835,,,,,,,,,,,,,,
00:03:28.697,,,,,,,,,,,,,,e
00:03:28.559,,,,,@3,,,,,,,,,
00:03:28.422,,,,,,,,,,,,,,
00:03:28.284,,,,,,,,,,,,,,
00:03:28.146,,,,,,,,,,,,,,
00:03:28.009,,,,,,,,,,,,,,
00:03:27.871,,,,,,,,,,,,,,
00:03:27.734,,,,,,,,,,,,,,
00:03:27.596,,,,,,,,,,,,,,
00:03:27.458,,,,,,,,,,,,,,
00:03:27.321,,,,,,,,,,,,,,
00:03:27.183,,,,>3,^3,,,,,,,,,
00:03:27.046,,,,,,,,,,,,,,
00:03:26.908,,,,,,,,,,,,,,
00:03:26.770,,,,,,,,,,,,,,
00:03:26.633,,,,,,,,,,,,,,
00:03:26.495,,,,,,,,,,,,,,
00:03:26.357,,,,,,,,,,,,,,
00:03:26.220,,,,,,,,,,,,,,
00:03:26.082,,,,,,,,,,,,,,
00:03:25.945,,,,,,,,,,,,,,
00:03:25.807,,,,$^3,,,,,,,,,,
00:03:25.669,,,,,,,,,,,,,,
00:03:25.532,,,,,,,,,,,,,,
00:03:25.394,,,,,,,,,,,,,,
00:03:25.257,,,,,,,,,,,,,,
00:03:25.119,,,,,,,,,,,,,,
00:03:24.981,,,,r3,,,,,,,,,,
00:03:24.844,,,,,,,,,,,,,,
00:03:24.706,,,,,,,,,,,,,,
00:03:24.568,,,,,,,,,,,,,,
00:03:24.431,,,,,,,,,,,,,,
00:03:24.293,,,,,,,,,,,,,,
00:03:24.156,,,,x3,,,,,,,,,,
00:03:24.018,,,,,,,,,,,,,,
00:03:23.880,,,,,,,,,,,,,,
00:03:23.743,,,,,,,,,,,,,,
00:03:23.605,,,,,,,,,,,,,,
00:03:23.468,,,,,,,,,,,,,,
00:03:23.330,,,,r3,,,,,,,,,,
00:03:23.192,,,,,,,,,,,,,,
00:03:23.055,,,,,,,,,,,,,,
00:03:22.917,,,,,,,,,,,,,,
00:03:22.780,,,,,,,,,,,,,,
00:03:22.642,,,,,,,,,,,,,,
00:03:22.504,,,,x3,,,,,,,,,,s
00:03:22.367,,,,,,,,,,,,,,
00:03:22.229,,,,,,,,,,,,,,
00:03:22.091,,,,,,,,,,,,,,
00:03:21.954,,,x2,,,,,,,,,,,
00:03:21.816,,,,,,,,,,,,,,
00:03:21.679,,,,,,,,,,,,,,
00:03:21.541,,,,,,,,,,,,,,
00:03:21.403,,x2,,,,,,,,,,,,
00:03:21.266,,,,,,,,,,,,,,
00:03:21.128,,,,,,,,,,,,,,
00:03:20.991,,,,,,,,,,,,,,
00:03:20.853,x2,,,,,,,,,,,,,
00:03:20.715,,,,,,,,,,,,,,
00:03:20.578,,,,,,,,,,,,,,
00:03:20.440,,,,,,,,,,,,,,
00:03:20.302,,x2,,,,,,,,,,,,
00:03:20.165,,,,,,,,,,,,,,
00:03:20.027,,,,,,,,,,,,,,
00:03:19.890,,,,,,,,,,,,,,
00:03:19.752,,,x2,,,,,,,,,,,
00:03:19.614,,,,,,,,,,,,,,
00:03:19.477,,,,,,,,,,,,,,
00:03:19.339,,,,,,,,,,,,,,
00:03:19.202,,x2,,,,,,,,,,,,
00:03:19.064,,,,,,,,,,,,,,
00:03:18.926,,,,,,,,,,,,,,
00:03:18.788,,,,,,,,,,,,,,
00:03:18.650,x2,,,,,,,,,,,,,
00:03:18.512,,,,,,,,,,,,,,
00:03:18.374,,,,,,,,,,,,,,
00:03:18.236,,,,,,,,,,,,,,
00:03:18.098,,x2,,,,,,,,,,,,
00:03:17.960,,,,,,,,,,,,,,
00:03:17.821,,,,,,,,,,,,,,
00:03:17.683,,,,,,,,,,,,,,
00:03:17.544,,,x2,,,,,,,,,,,
00:03:17.406,,,,,,,,,,,,,,
00:03:17.267,,,,,,,,,,,,,,
00:03:17.128,,,,,,,,,,,,,,
00:03:16.990,,@3,,,@3,,,,,,,,,e
00:03:16.853,,,,,,,,,,,,,,
00:03:16.716,,,,,,,,,,,,,,
00:03:16.579,,,,,,,,,,,,,,
00:03:16.442,,,,,,,,,,,,,,
00:03:16.306,,,,,,,,,,,,,,
00:03:16.170,,$^3,,,$^3,,,,,,,,,
00:03:16.034,,,,,,,,,,,,,,
00:03:15.899,,,,,,,,,,,,,,
00:03:15.762,,,,,,,,,,,,,,
00:03:15.625,,,,,,,,,,,,,,
00:03:15.488,,,,@3,,,,,,,,,,
00:03:15.351,,,,,,,,,,,,,,
00:03:15.212,,,,,,,,,,,,,,
00:03:15.074,,,,,,,,,,,,,,
00:03:14.936,,,,,,,,,,,,,,
00:03:14.798,,,,,,,,,,,,,,
00:03:14.661,,,,,,,,,,,,,,
00:03:14.524,,,,,,,,,,,,,,
00:03:14.387,,,,,,,,,,,,,,
00:03:14.250,,,,$^3,,,,,,,,,,
00:03:14.113,,,,,,,,,,,,,,
00:03:13.977,,,,,,,,,,,,,,
00:03:13.841,,,,,,,,,,,,,,
00:03:13.704,,,,,,,,,,,,,,
00:03:13.566,,,,,,,,,,,,,,
00:03:13.428,,,x3,,,,,,,,,,,
00:03:13.289,,,,,,,,,,,,,,
00:03:13.151,,,,,,,,,,,,,,
00:03:13.012,,x3,,,,,,,,,,,,
00:03:12.873,,,,,,,,,,,,,,
00:03:12.733,,,,,,,,,,,,,,
00:03:12.594,,,,,,,,,,,,,,
00:03:12.454,,,,,,,,,,,,,,
00:03:12.315,x3,,,,,,,,,,,,,s
00:03:12.175,,,,,,,,,,,,,,
00:03:12.035,,,,,,,,,,,,,,
00:03:11.897,,,,,,,,,,,,,,
00:03:11.760,,,,,,,,,,,,,,
00:03:11.622,,,,,,,,,,,,,,
00:03:11.484,,,,,,,,,,,,,,
00:03:11.348,,,,,,,,,,,,,,
00:03:11.211,,,,,,,,,,,,,,
00:03:11.074,,,,,,,,,,,,,,
00:03:10.937,,,@3,,,,,,,,,,,e
00:03:10.798,,,,,,,,,,,,,,
00:03:10.658,,,,,,,,,,,,,,
00:03:10.518,,,,,,,,,,,,,,
00:03:10.378,,,,,,,,,,,,,,
00:03:10.241,,,,,,,,,,,,,,
00:03:10.104,,,,,,,,,,,,,,
00:03:09.967,,,,,,,,,,,,,,
00:03:09.830,,,,,,,,,,,,,,
00:03:09.697,,,,,,,,,,,,,,
00:03:09.563,,,$^3,,,,,,,,,,,
00:03:09.430,,,,,,,,,,,,,,
00:03:09.297,,,,,,,s,s,s,,,,,e
00:03:09.161,,,,,,,,,,,,,,
00:03:09.026,,,,,,,,,,,,,,
00:03:08.891,,,,,,,,,,,,,,
00:03:08.755,,,,,,,,,,,,,,
00:03:08.617,,x3,,,,,,,,,,,,
00:03:08.479,,,,,,,,,,,,,,
00:03:08.341,,,,,,,,,,,,,,
00:03:08.202,,,,,,,,,,,,,,
00:03:08.061,,,,,,,,,,,,,,s
00:03:07.920,,,,,,,,,,,,,,
00:03:07.778,,,,,,,,,,,,,,
00:03:07.637,x3,,,,,,,,,,,,,s
00:03:07.497,,,,,,,,,,,,,,
00:03:07.357,,,,,,,,,,,,,,
00:03:07.216,,,,,,,e,e,e,,,,,
00:03:07.076,#,l2,#,#,r2,#,,,,,,,,
00:03:06.939,,,,,,,,,,,,,,
00:03:06.801,,,,,,,,,,,,,,
00:03:06.663,,,,,,,,,,,,,,
00:03:06.526,,,,,,,,,,,e,,,e
00:03:06.388,,@3,,,,,,,,,,,,
00:03:06.250,,,,,,,,,,,,,,
00:03:06.113,,,,,,,,,,,,,,
00:03:05.975,,,,,,,,,,,,,,
00:03:05.838,,,,,,,,,,,,,,
00:03:05.700,,,,,,,,,,,,,,
00:03:05.562,,,,,,,,,,,,,,
00:03:05.425,,$^3,,,,,,,,,,,,
00:03:05.287,,,,,,,,,,,,,,
00:03:05.150,,,,,,,,,,,,,,
00:03:05.012,,,,,,,,,,,,,,
00:03:04.874,,,,,,,,,,,,,,e
00:03:04.737,,,,,,,,,,,,,,
00:03:04.599,x3,,,,,,,,,,,,,
00:03:04.461,,,,,,,,,,,,,,
00:03:04.324,,,,,,,,,,,,,,
00:03:04.186,,x3,,,,,,,,,,,,
00:03:04.049,,,,,,,,,,,,,,
00:03:03.911,,,,,,,,,,,,,,
00:03:03.773,,,,,,,,,,,,,,
00:03:03.636,,,,,,,,,,,,,,s
00:03:03.498,x3,,,,,,,,,,s,,,s
00:03:03.361,,,,,,,,,,,,,,
00:03:03.223,,,,,,,,,,,,,,
00:03:03.085,,,,,,,,,,,,,,
00:03:02.948,,,,,,,,,,,,,,
00:03:02.810,,,,,,,,,,,,,,
00:03:02.672,,,,,,,,,,,,,,
00:03:02.535,,,,,,,,,,,,,,
00:03:02.397,,,,,,,,,,,,,,
00:03:02.260,,,,,,,,,,,,,,
00:03:02.122,,,,,,,,,,,,,,e
00:03:01.984,,,,,,,,,,,e,,,
00:03:01.847,,,,,@3,,,,,,,,,
00:03:01.709,,,,,,,,,,,,,,
00:03:01.572,,,,,,,,,,,,,,
00:03:01.434,,,,,,,,,,,,,,
00:03:01.296,,,,,,,,,,,,,,
00:03:01.159,,,,,,,,,,,,,,
00:03:01.021,,,,,^3,<3,,,,,,,,
00:03:00.883,,,,,,,,,,,,,,
00:03:00.746,,,,,,,,,,,,,,
00:03:00.608,,,,,,,,,,,,,,
00:03:00.471,,,,,,,,,,,,,,e
00:03:00.333,,,,,,,,,,,,,,
00:03:00.195,,,,,,$^3,,,,,,,,
00:03:00.058,,,,,,,,,,,,,,
00:02:59.920,,,,,,,,,,,,,,
00:02:59.783,,,,,,,,,,,,,,
00:02:59.645,,,,,x3,,,,,,,,,
00:02:59.507,,,,,,,,,,,,,,
00:02:59.370,,,,,,,,,,,,,,
00:02:59.232,,,,,,,,,,,,,,s
00:02:59.094,,,,,,x3,,,,,,,,
00:02:58.957,,,,,,,,,,,s,,,s
00:02:58.819,,,,,,,,,,,,,,
00:02:58.682,,,,,,,,,,,,,,
00:02:58.544,,,,,,,,,,,,,,
00:02:58.406,,,,,,,,,,,,,,
00:02:58.269,,x2,,,,,,,,,,,,
00:02:58.131,,,,,,,,,,,,,,
00:02:57.994,,,,,,,,,,,,,,
00:02:57.856,,,,,,,,,,,,,,
00:02:57.718,x2,,,,,,,,,,,,,
00:02:57.581,,,,,,,,,,,,,,
00:02:57.443,,,,,,,,,,,,,,e
00:02:57.305,,,,,,,,,,,,,,
00:02:57.168,,,,,,@3,,,,,,,,
00:02:57.030,,,,,,,,,,,,,,
00:02:56.893,,,,,,,,,,,,,,
00:02:56.755,,,,,,,,,,,,,,
00:02:56.617,,,,,,,,,,,,,,
00:02:56.480,,,,,,,,,,,,,,
00:02:56.342,,,,,,$^3,,,,,,,,
00:02:56.205,,,,,,,,,,,,,,
00:02:56.067,,,,,,,,,,,,,,
00:02:55.929,,,,,,,,,,,,,,
00:02:55.792,,,,,x3,,,,,,,,,
00:02:55.654,,,,,,,,,,,,,,
00:02:55.516,,,,,,,,,,,,,,
00:02:55.379,,,,,,,,,,,,,,
00:02:55.241,,,,,,,,,,,,,,
00:02:55.104,,,,,,,,,,,,,,
00:02:54.966,,,,,,x3,,,,,,,,
00:02:54.828,,,,,,,,,,,,,,
00:02:54.691,,,,,,,,,,,,,,
00:02:54.553,,,,,,,,,,,,,,e
00:02:54.416,,,,,x3,,,,,,,,,s
00:02:54.278,,,,,,,,,,,,,,
00:02:54.140,,,,,,,,,,,,,,
00:02:54.003,,,,,,,,,,,,,,
00:02:53.865,x2,,,,,,,,,,,,,
00:02:53.728,,,,,,,,,,,,,,
00:02:53.590,,,,,,,,,,,,,,
00:02:53.452,,,,,,,,,,,,,,
00:02:53.315,,x2,,,,,,,,,,,,
00:02:53.177,,,,,,,,,,,,,,
00:02:53.039,,,,,,,,,,,,,,
00:02:52.902,,,,,,,,,,,,,,
00:02:52.764,,,,,,,,,,,,,,
00:02:52.627,,,,,,,,,,,,,,e
00:02:52.489,,@3,,,@3,,,,,,,,,
00:02:52.351,,,,,,,,,,,,,,
00:02:52.214,,,,,,,,,,,,,,
00:02:52.076,,,,,,,,,,,,,,
00:02:51.939,,,,,,,,,,,,,,
00:02:51.801,,,,,,,,,,,,,,
00:02:51.663,,$^3,,,$^3,,,,,,,,,
00:02:51.594,,,,,,,,,,,,,,
00:02:51.526,,,,,,,,,,,,,,
00:02:51.457,,,,,,,,,,,,,,
00:02:51.388,,,,,,,,,,,,,,
00:02:51.250,,,,,,,,,,,,,,
00:02:51.113,x3,,,,,x3,,,,,,,,s
00:02:50.975,,,,,,,,,,,,,,
00:02:50.838,,,,,,,,,,,,,,
00:02:50.700,,,,,,,,,,,,,,s
00:02:50.562,,,,,,,,,,,,,,
00:02:50.425,,,,,,,,,,,,,,
00:02:50.287,,@3,,,@3,,,,,,,,,e
00:02:50.150,,,,,,,,,,,,,,
00:02:50.012,,,,,,,,,,,,,,
00:02:49.874,,,,,,,,,,,,,,
00:02:49.737,,$^3,,,$^3,,,,,,,,,s
00:02:49.599,,,,,,,,,,,,,,
00:02:49.461,,,,,,,,,,,,,,
00:02:49.324,,,,,,,,,,,,,,
00:02:49.186,,,,,,,,,,,,,,
00:02:49.049,,,,,,,,,,,,,,
00:02:48.911,,,,,,,,,,,,,,e
00:02:48.773,,,,,,,,,,,,,,
00:02:48.636,,@3,,,,,,,,,,,,
00:02:48.498,,,,,,,,,,,,,,s
00:02:48.361,,,,,,,,,,,,,,
00:02:48.223,,,,,,,,,,,,,,
00:02:48.085,,,,,,,,,,,,,,
00:02:47.948,,,,,,,,,,,,,,
00:02:47.810,,,,,,,,,,,,,,
00:02:47.672,,,,,,,,,,,,,,
00:02:47.535,,,,,,,,,,,,,,
00:02:47.397,,,,,,,,,,,,,,
00:02:47.260,,$^3,,,,,,,,,,,,
00:02:47.122,,,,,,,,,,,,,,
00:02:46.984,,,,,,,,,,,,,,
00:02:46.847,,,,,,,,,,,,,,
00:02:46.709,x3,,,,,,,,,,,,,e
00:02:46.572,,,,,,,,,,,,,,
00:02:46.434,,,,,,,,,,,,,,
00:02:46.296,,,,,,,,,,,,,,
00:02:46.159,,l3,,,,,,,,,,,,
00:02:46.021,,,,,,,,,,,,,,
00:02:45.883,,,,,,,,,,,,,,
00:02:45.746,,,,,,,,,,,,,,
00:02:45.608,x3,,,,,,,,,,,,,s
00:02:45.471,,,,,,,,,,,,,,
00:02:45.333,,,,,,,,,,,,,,
00:02:45.195,,,,,,,,,,,,,,
00:02:45.058,,,,,,,,,,,,,,
00:02:44.920,,,,,,,,,,,,,,
00:02:44.783,,,,,,,,,,,,,,
00:02:44.645,,,,,,,,,,,,,,
00:02:44.507,@3,,,,,,,,,,,,,e
00:02:44.370,,,,,,,,,,,,,,
00:02:44.232,,,,,,,,,,,,,,
00:02:44.094,,,,,,,,,,,,,,s
00:02:43.957,,,,,,,,,,,,,,
00:02:43.819,,,,,,,,,,,,,,
00:02:43.680,,,,,,,,,,,,,,
00:02:43.542,^3,<3,,,,,,,,,e,e,e,e
00:02:43.404,,,,,,,,,,,,,,
00:02:43.264,,,,,,,,,,,,,,
00:02:43.125,,,,,,,,,,,,,,
00:02:42.985,,,,,,,,,,,,,,
00:02:42.846,,,,,,,,,,,,,,
00:02:42.708,,,,,,,,,,,,,,
00:02:42.570,,$^3,,,,,,,,,,,,
00:02:42.433,,,,,,,,,,,,,,
00:02:42.295,,,,,,,,,,,,,,
00:02:42.160,,,,,,,,,,,,,,
00:02:42.024,x3,,,,,,,,,,,,,s
00:02:41.889,,,,,,,,,,,s,s,s,s
00:02:41.753,,,,,,,,,,,,,,e
00:02:41.617,,,,,,,,,,,,,,
00:02:41.480,,,,,,@3,,,,,,,,
00:02:41.344,,,,,,,,,,,,,,
00:02:41.208,,,,,,,,,,,e,e,e,e
00:02:41.070,,,,,,,,,,,,,,
00:02:40.933,,,,,,$^3,,,,,,,,
00:02:40.796,,,,,,,,,,,,,,
00:02:40.659,,,,,,,,,,,,,,
00:02:40.521,,,,,,,,,,,,,,
00:02:40.382,,,,,,,,,,,,,,
00:02:40.244,,,,,,,,,,,,,,
00:02:40.106,,,,,x3,,,,,,,,,
00:02:39.967,,,,,,,,,,,,,,
00:02:39.828,,,,,,,,,,,,,,
00:02:39.689,,,,,,,,,,,s,s,s,s
00:02:39.550,,,,,,,,,,,,,,
00:02:39.411,,,,,,,,,,,,,,
00:02:39.272,,,,,,x3,,,,,,,,
00:02:39.134,,,,,,,,,,,e,e,e,e
00:02:38.995,,,,,,,,,,,,,,
00:02:38.856,,l3,,,,,,,,,,,,
00:02:38.718,,,,,,,,,,,,,,
00:02:38.580,,,,,,,,,,,,,,
00:02:38.442,,,,,,,,,,,,,,
00:02:38.303,,,,,,,,,,,,,,
00:02:38.165,x3,,,,,,,,,,,,,
00:02:38.027,,,,,,,,,,,,,,
00:02:37.889,,,,,,,,,,,,,,
00:02:37.751,,,,,,,,,,,,,,
00:02:37.614,,l3,,,,,,,,,,,,
00:02:37.477,,,,,,,,,,,s,s,s,s
00:02:37.339,,,,,,,,,,,,,,
00:02:37.203,,,,,,,,,,,,,,
00:02:37.066,x3,,,,,,,,,,,,,s
00:02:36.929,,,,,,,,,,,,,,
00:02:36.793,,,,,,,,,,,e,e,e,e
00:02:36.657,,,,,,,,,,,,,,
00:02:36.521,,,,,,,,,,,,,,
00:02:36.385,,,,,,,,,,,,,,
00:02:36.250,,,,,x2,,,,,,,,,
00:02:36.112,,,,,,,,,,,,,,
00:02:35.974,,,,,,,,,,,,,,
00:02:35.837,,,,,,,,,,,,,,
00:02:35.699,,,,,,x2,,,,,,,,
00:02:35.559,,,,,,,,,,,,,,
00:02:35.419,,,,,,,,,,,,,,
00:02:35.279,,,,,,,,,,,s,s,s,s
00:02:35.138,,,,,x2,,,,,,,,,e
00:02:34.998,,,,,,,,,,,,,,
00:02:34.858,,,,,,,,,,,,,,
00:02:34.718,,@3,,,,,,,,,e,e,e,e
00:02:34.578,,,,,,,,,,,,,,
00:02:34.442,,,,,,,,,,,,,,
00:02:34.307,,,,,,,,,,,,,,
00:02:34.172,,,,,,,,,,,,,,
00:02:34.037,,$^3,,,,,s,s,s,,,,,
00:02:33.904,,,,,,,,,,,,,,
00:02:33.771,,,,,,,,,,,,,,
00:02:33.638,,,,,,,,,,,,,,
00:02:33.505,,,,,@1,,,,,,,,,
00:02:33.367,x3,,,,,,,,,,,,,
00:02:33.229,,,,,,,,,,,,,,
00:02:33.091,,,,,,,,,,,s,s,s,s
00:02:32.953,,,,,,,,,,,,,,
00:02:32.809,,,,,,,,,,,,,,
00:02:32.665,,x3,,,,,,,,,,,,s
00:02:32.522,,,,,,,,,,,,,,
00:02:32.378,,,,,,,,,,,e,e,e,e
00:02:32.228,,,,,,,,,,,,,,
00:02:32.078,,,,,,,,,,,,,,
00:02:31.928,,,,,,,e,e,e,,,,,
00:02:31.779,,,,,$^1,,,,,,,,,
00:02:31.687,,,,,,,,,,,,,,
00:02:31.641,,,,,,,,,,,,,,
00:02:31.595,,,,,,,,,,,,,,
00:02:31.503,,,,,,,,,,,,,,
00:02:31.412,,,,,,,,,,,,,,
00:02:31.366,,,,,,,,,,,,,,
00:02:31.320,,,,,,,,,,,s,s,s,s
00:02:31.228,@1,,,,,@1,,,,,,,,
00:02:31.090,,,,,,,,,,,,,,
00:02:30.953,,,,,,,,,,,,,,
00:02:30.815,$^1,,,,,$^1,,,,,e,e,e,e
00:02:30.678,,,,,,,,,,,,,,
00:02:30.540,,,,,,,,,,,,,,
00:02:30.402,,,,,,,,,,,,,,
00:02:30.265,,,,,,,,,,,,,,
00:02:30.127,,,,,,,,,,,,,,
00:02:29.989,,,,,,,,,,,,,,
00:02:29.852,,@1,,,@1,,,,,,,,,
00:02:29.714,,,,,,,,,,,,,,
00:02:29.577,,$^1,,,$^1,,,,,,,,,
00:02:29.485,,,,,,,,,,,,,,
00:02:29.439,,,,,,,,,,,,,,
00:02:29.393,,,,,,,,,,,s,s,s,s
00:02:29.301,,x1,,,x1,,,,,,,,,
00:02:29.164,,,,,,,,,,,,,,
00:02:29.026,,,,,,,,,,,,,,
00:02:28.889,,,,,,,,,,,,,,
00:02:28.843,,,,,,,,,,,e,e,e,e
00:02:28.751,,,,,,,,,,,,,,
00:02:28.659,x1,,,,,,,,,,,,,
00:02:28.613,,,,,,,,,,,,,,
00:02:28.476,,,,,,,,,,,,,,
00:02:28.338,,,,,,,,,,,,,,
00:02:28.200,,,,,,,,,,,,,,
00:02:28.109,,,,,,,,,,,,,,
00:02:28.063,,,,,,,,,,,,,,
00:02:28.017,,,,,,,,,,,,,,
00:02:27.925,,@1,,,,,,,,,,,,
00:02:27.788,,,,,,,,,,,s,s,s,s
00:02:27.650,,,,,,,,,,,,,,
00:02:27.512,,,,,,,,,,,,,,
00:02:27.375,,$^1,,,,,,,,,,,,
00:02:27.237,,,,,,,,,,,,,,
00:02:27.100,,,,,,,,,,,e,e,e,e
00:02:26.962,,,,,,,,,,,,,,
00:02:26.824,,,,,,,,,,,,,,
00:02:26.687,,,,,,,,,,,,,,
00:02:26.549,,@1,,,,,,,,,,,,
00:02:26.411,,,,,,,,,,,,,,
00:02:26.274,,,,,,,,,,,,,,
00:02:26.136,,,,,,,,,,,,,,
00:02:25.999,,,,,,,,,,,,,,
00:02:25.861,,,,,,,,,,,,,,
00:02:25.723,,,,,,,,,,,,,,
00:02:25.586,>1,^1,,,,,,,,,s,s,s,s
00:02:25.448,,,,,,,,,,,,,,
00:02:25.311,,,,,,,,,,,,,,
00:02:25.173,,,,,,,,,,,,,,
00:02:25.035,,,,,,,,,,,,,,
00:02:24.898,,,,,,,,,,,e,e,e,e
00:02:24.760,,,,,,,,,,,,,,
00:02:24.623,$^1,,,,,,,,,,,,,
00:02:24.485,,,,,,,,,,,,,,
00:02:24.347,,,,,,,,,,,,,,
00:02:24.210,,,,,,,,,,,,,,
00:02:24.072,,,,,,,,,,,,,,
00:02:23.934,,,,,,,,,,,,,,
00:02:23.797,,,,,,,,,,,,,,
00:02:23.659,,,,,,,,,,,,,,
00:02:23.522,,,,,,,,,,,,,,
00:02:23.384,,,,,,,,,,,s,s,s,s
00:02:23.246,,,,,,,,,,,,,,
00:02:23.109,,,,,,,,,,,,,,
00:02:22.971,,,,,,,,,,,,,,
00:02:22.834,,,,,,,,,,,e,e,e,e
00:02:22.696,,,,,@1,,,,,,,,,
00:02:22.558,,,,,,,,,,,,,,
00:02:22.421,,,,,,,,,,,,,,
00:02:22.283,,,,,,,,,,,,,,
00:02:22.145,,,,,,,,,,,,,,
00:02:22.008,,,,,,,,,,,,,,
00:02:21.870,,,,,$^1,,,,,,,,,
00:02:21.733,,,,,,,,,,,,,,
00:02:21.595,,,,,,,,,,,,,,
00:02:21.457,,,,,,,,,,,,,,
00:02:21.320,,,,,,,,,,,,,,
00:02:21.182,,,,,,,,,,,s,s,s,s
00:02:21.045,,,,,,@1,,,,,,,,
00:02:20.907,,,,,,,,,,,,,,
00:02:20.769,,,,,,$^1,,,,,,,,
00:02:20.632,,,,,,,,,,,,,,
00:02:20.494,,,,,,,,,,,,,,
00:02:20.356,,,,,,,,,,,,,,
00:02:20.219,,,,,,,,,,,,,,
00:02:20.081,,,,,@1,,,,,,,,,
00:02:19.944,,,,,,,,,,,,,,
00:02:19.806,,,,,$^1,,,,,,,,,
00:02:19.668,,,,,,,,,,,,,,
00:02:19.531,,,,,,,,,,,,,,
00:02:19.393,,,,,,,,,,,,,,
00:02:19.256,,,,,,,,,,,,,,
00:02:19.118,,,,,,,,,,,,,,
00:02:18.980,,,,,,,,,,,,,,
00:02:18.843,,,,,,,,,,,,,,
00:02:18.705,,,,,,,,,,,,,,
00:02:18.567,,,,,,,,,,,,,,
00:02:18.430,,,,,,,,,,,,,,e
00:02:18.292,,,,,,,,,,,,,,
00:02:18.200,x1,,,,,,,,,,,,,
00:02:18.155,,,,,,,,,,,,,,
00:02:18.017,,,,,,,,,,,,,,
00:02:17.879,,,,,,,,,,,,,,
00:02:17.742,,,,,,,,,,,,,,
00:02:17.604,,,,,,,,,,,,,,
00:02:17.467,,x1,,,,,,,,,,,,
00:02:17.329,,,,,,,,,,,,,,
00:02:17.191,,,,,,,,,,,,,,
00:02:17.054,x1,,,,,,,,,,,,,
00:02:16.916,,,,,,,,,,,,,,s
00:02:16.778,,,,,,,,,,,,,,
00:02:16.641,,,,,,,,,,,,,,
00:02:16.503,,@1,,,,,,,,,,,,
00:02:16.366,,,,,,,,,,,,,,
00:02:16.228,,,,,,,,,,,,,,e
00:02:16.090,,,,,,,,,,,,,,
00:02:15.953,,$^1,,,,,,,,,,,,
00:02:15.815,,,,,,,,,,,,,,
00:02:15.678,,,,,,,,,,,,,,
00:02:15.540,,,,,,,,,,,,,,
00:02:15.402,,,,,,,,,,,,,,
00:02:15.265,,,,,,,,,,,,,,
00:02:15.127,,,,,,,,,,,,,,
00:02:14.990,,,,,,,,,,,,,,
00:02:14.852,,,,,,,,,,,,,,
00:02:14.714,,,,,@1,,,,,,,,,
00:02:14.577,,,,,,,,,,,,,,
00:02:14.439,,,,,,,,,,,,,,s
00:02:14.301,,,,,,,,,,,,,,
00:02:14.164,,,,,$^1,,,,,,,,,
00:02:14.026,,,,,,,,,,,,,,
00:02:13.889,,,,,,,,,,,,,,e
00:02:13.751,,,,,,x1,,,,,,,,
00:02:13.613,,,,,,,,,,,,,,
00:02:13.476,,,,,,,,,,,,,,
00:02:13.338,,,,,,,,,,,,,,
00:02:13.201,,,,,x1,,,,,,,,,
00:02:13.063,,,,,,,,,,,,,,
00:02:12.925,,,,,,,,,,,,,,
00:02:12.788,,,,,,x1,,,,,,,,
00:02:12.650,,,,,,,,,,,,,,
00:02:12.512,,,,,,,,,,,,,,
00:02:12.374,,,,,,,,,,,,,,
00:02:12.236,,,,,,,,,,,,,,s
00:02:12.098,r1,,,,,,,,,,,,,
00:02:11.959,,,,,,,,,,,,,,
00:02:11.820,,,,,,,,,,,,,,e
00:02:11.680,,,,,,,,,,,,,,
00:02:11.541,,,,,,,,,,,,,,
00:02:11.401,,x1,,,,,,,,,,,,
00:02:11.264,,,,,,,,,,,,,,
00:02:11.127,,,,,,,,,,,,,,
00:02:10.990,,,,,,,,,,,,,,
00:02:10.853,,,,,,,,,,,,,,
00:02:10.719,,,,,,,,,,,,,,
00:02:10.584,x1,,,,,,,,,,,,,
00:02:10.450,,,,,,,,,,,,,,
00:02:10.315,,,,,,,,,,,,,,
00:02:10.177,,,,,,,,,,,,,,
00:02:10.039,,,,,,,,,,,,,,s
00:02:09.900,,,,,,,,,,,,,,
00:02:09.762,,,,,,,,,,,,,,
00:02:09.623,,,,,,,,,,,,,,e
00:02:09.484,,,,,,,,,,,,,,
00:02:09.345,,,,,,,,,,,,,,
00:02:09.206,,@1,,,,,,,,,,,,
00:02:09.069,,,,,,,,,,,,,,
00:02:08.931,,,,,,,,,,,,,,
00:02:08.794,,,,,,,,,,,,,,
00:02:08.656,,,,,,,,,,,,,,
00:02:08.517,,,,,,,,,,,,,,
00:02:08.378,,,,,,,,,,,,,,
00:02:08.239,,,,,,,,,,,,,,
00:02:08.100,,,,,,,,,,,,,,
00:02:07.965,,,,,,,,,,,,,,
00:02:07.829,,$^1,,,,,,,,,,,,s
00:02:07.693,,,,,,,,,,,,,,
00:02:07.557,,,,,,,s,s,s,,,,,
00:02:07.429,,,,,,,,,,,,,,e
00:02:07.301,,,,,,,,,,,,,,
00:02:07.172,,,,,,,,,,,,,,
00:02:07.044,,,,,,,,,,,,,,
00:02:06.900,r1,,,,,,,,,,,,,
00:02:06.757,,,,,,,,,,,,,,
00:02:06.613,,,,,,,,,,,,,,
00:02:06.470,,,,,,,,,,,,,,
00:02:06.319,,,,,,,,,,,,,,
00:02:06.168,,x1,,,,,,,,,,,,
00:02:06.017,,,,,,,,,,,,,,
00:02:05.866,,,,,,,,,,,,,,
00:02:05.729,,,,,,,,,,,,,,
00:02:05.593,,,,,,,,,,,,,,s
00:02:05.456,,,,,,,e,e,e,,,,,
00:02:05.319,#,r1,*,*,l1,#,,,,,,,,
00:02:05.182,,,,,,,,,,,,,,e
00:02:05.045,,,,,,,,,,,,,,
00:02:04.907,,,,,,,,,,,,,,
00:02:04.770,,,,,,,,,,,e,,,e
00:02:04.633,,,,@3,,,,,,,,,,
00:02:04.495,,,,,,,,,,,,,,
00:02:04.357,,,,,,,,,,,,,,
00:02:04.220,,,,,,,,,,,,,,
00:02:04.082,,,,,,,,,,,,,,
00:02:03.944,,,,^3,<3,,,,,,,,,
00:02:03.807,,,,,,,,,,,,,,
00:02:03.669,,,,,,,,,,,,,,
00:02:03.532,,,,,,,,,,,,,,
00:02:03.394,,,,>3,^3,,,,,,,,,s
00:02:03.256,,,,,,,,,,,,,,
00:02:03.119,,,,,,,,,,,,,,
00:02:02.981,,,,,,,,,,,,,,e
00:02:02.844,,,,$^3,,,,,,,,,,
00:02:02.706,,,,,,,,,,,,,,
00:02:02.568,,,,,,,,,,,,,,
00:02:02.431,,,,x3,,,,,,,,,,
00:02:02.293,,,,,,,,,,,,,,
00:02:02.156,,,,,,,,,,,,,,
00:02:02.018,,,,,x3,,,,,,,,,
00:02:01.880,,,,,,,,,,,,,,
00:02:01.743,,,,,,,,,,,,,,
00:02:01.605,,,,,,,,,,,,,,
00:02:01.467,,,,,,,,,,,,,,
00:02:01.330,,,,,,@3,,,,,,,,
00:02:01.192,,,,,,,,,,,,,,
00:02:01.055,,,,,,,,,,,,,,s
00:02:00.917,,,,,,,,,,,,,,
00:02:00.779,,,,,,,,,,,,,,
00:02:00.642,,,,,,$^3,,,,,s,,,s
00:02:00.504,,,,,,,,,,,,,,e
00:02:00.367,,,,,,,,,,,,,,
00:02:00.229,,,,,,,,,,,,,,
00:02:00.091,,,,,,,,,,,,,,e
00:01:59.954,,,,,,,,,,,e,,,
00:01:59.816,,@3,<3,,,,,,,,,,,
00:01:59.678,,,,,,,,,,,,,,
00:01:59.541,,,,,,,,,,,,,,
00:01:59.403,,,,,,,,,,,,,,
00:01:59.266,,,,,,,,,,,,,,
00:01:59.128,,,,,,,,,,,,,,
00:01:58.990,,>3,^3,,,,,,,,,,,
00:01:58.853,,,,,,,,,,,,,,
00:01:58.715,,,,,,,,,,,,,,s
00:01:58.578,,,,,,,,,,,,,,
00:01:58.440,,,,,,,,,,,,,,
00:01:58.302,,,,,,,,,,,,,,e
00:01:58.165,,,,,,,,,,,,,,
00:01:58.027,,,,,,,,,,,,,,
00:01:57.889,,^3,<3,,,,,,,,,,,
00:01:57.752,,,,,,,,,,,,,,
00:01:57.614,,,,,,,,,,,,,,
00:01:57.477,,,,,,,,,,,,,,
00:01:57.339,,,,,,,,,,,,,,
00:01:57.201,,,,,,,,,,,,,,
00:01:57.064,,,,,,,,,,,,,,
00:01:56.926,,,,,,,,,,,,,,
00:01:56.789,,$>3,^3,,,,,,,,s,,,s
00:01:56.651,,,,,,,,,,,,,,
00:01:56.513,,,,,,,,,,,,,,s
00:01:56.376,,,,,,,,,,,,,,
00:01:56.238,,,,,,,,,,,,,,e
00:01:56.100,,,,,,,,,,,,,,e
00:01:55.963,,,,,,,,,,,,,,
00:01:55.825,,,,,,,,,,,,,,
00:01:55.688,,,,,,,,,,,,,,
00:01:55.550,,,,,,,,,,,,,,
00:01:55.412,,,,,,@3,,,,,,,,
00:01:55.275,,,,,,,,,,,e,,,
00:01:55.137,,,,,,,,,,,,,,
00:01:55.000,,,,,,,,,,,,,,
00:01:54.862,,,,,,,,,,,,,,
00:01:54.724,,,,,,,,,,,,,,
00:01:54.587,,,,,,,,,,,,,,
00:01:54.449,,,,,,,,,,,,,,
00:01:54.311,,,,,,$^3,,,,,,,,s
00:01:54.174,,,,,,,,,,,,,,
00:01:54.036,,,,,,,,,,,,,,
00:01:53.899,,,,,,,,,,,,,,e
00:01:53.761,,,,,,,,,,,,,,
00:01:53.623,,,,,x3,,,,,,,,,
00:01:53.486,,,,,,,,,,,,,,
00:01:53.348,,,,,,,,,,,,,,
00:01:53.211,,,,,,,,,,,,,,
00:01:53.073,,,,,,,,,,,,,,
00:01:52.935,,,,x3,,,,,,,,,,
00:01:52.798,,,,,,,,,,,,,,
00:01:52.660,,,,,,,,,,,,,,
00:01:52.522,,,,,,,,,,,,,,
00:01:52.385,,,,,x3,,,,,,s,,,s
00:01:52.247,,,,,,,,,,,,,,
00:01:52.110,,,,,,,,,,,,,,
00:01:51.972,,,,,,,,,,,,,,e
00:01:51.834,,,,,,,,,,,,,,
00:01:51.697,,,,,,,,,,,,,,e
00:01:51.559,,,@3,,,,,,,,,,,
00:01:51.422,,,,,,,,,,,,,,
00:01:51.284,,,,,,,,,,,,,,
00:01:51.146,,,,,,,,,,,,,,
00:01:51.009,,,,,,,,,,,,,,
00:01:50.871,,,,,,,,,,,,,,
00:01:50.733,,,$^3,,,,,,,,,,,
00:01:50.596,,,,,,,,,,,,,,
00:01:50.458,,,,,,,,,,,,,,
00:01:50.321,,x3,,,,,,,,,,,,
00:01:50.183,,,,,,,,,,,,,,
00:01:50.045,,,,,,,,,,,,,,
00:01:49.908,x3,,,,,,,,,,,,,s
00:01:49.770,,,,,,,,,,,,,,
00:01:49.633,,,,,,,,,,,,,,
00:01:49.495,,,,,,,,,,,,,,
00:01:49.357,,x3,,,,,,,,,,,,
00:01:49.220,,,,,,,,,,,,,,
00:01:49.082,,,,,,,,,,,,,,
00:01:48.945,,,,,,,,,,,,,,
00:01:48.807,,,,,,,,,,,,,,
00:01:48.669,,,,,,,,,,,,,,
00:01:48.532,,,x3,,,,,,,,,,,
00:01:48.394,,,,,,,,,,,,,,
00:01:48.256,,,,,,,,,,,,,,
00:01:48.119,x3,,,,,,,,,,,,,
00:01:47.981,,,,,,,,,,,,,,
00:01:47.844,,,,,,,,,,,,,,
00:01:47.706,,x3,,,,,,,,,,,,
00:01:47.568,,,,,,,,,,,,,,
00:01:47.431,,,,,,,,,,,,,,
00:01:47.293,,,,,,,,,,,,,,
00:01:47.156,x3,,,,,,,,,,e,,,e
00:01:47.018,,,,,,,,,,,,,,
00:01:46.880,,,,,,,,,,,,,,
00:01:46.743,,,,,,,,,,,,,,
00:01:46.605,,,,,,,,,,,,,,
00:01:46.467,,,,x3,,,,,,,,,,
00:01:46.330,,,,,,,,,,,,,,
00:01:46.192,,,,,,,,,,,,,,
00:01:46.055,,,,,x3,,,,,,,,,
00:01:45.917,,,,,,,,,,,,,,
00:01:45.779,,,,,,,,,,,,,,
00:01:45.642,,,,,,,,,,,,,,
00:01:45.504,,,l3,,,,,,,,,,,
00:01:45.367,,,,,,,,,,,,,,
00:01:45.229,,,,,,,,,,,,,,
00:01:45.091,,,,,,,,,,,,,,
00:01:44.954,,,,,x3,,,,,,,,,
00:01:44.816,,,,,,,,,,,,,,
00:01:44.678,,,,,,,,,,,,,,s
00:01:44.541,,,,,,,,,,,,,,
00:01:44.403,,,,,,,,,,,,,,
00:01:44.266,,,,,,,,,,,,,,
00:01:44.128,,,l3,,,,,,,,,,,e
00:01:43.990,,,,,,,,,,,,,,
00:01:43.853,,,,,,,,,,,,,,
00:01:43.715,,,,,,,,,,,,,,
00:01:43.578,,,,,x3,,,,,,s,,,s
00:01:43.440,,,,,,,,,,,,,,
00:01:43.302,,,,,,,,,,,,,,s
00:01:43.165,,,,,,,,,,,,,,
00:01:43.027,,,,,,,,,,,,,,e
00:01:42.889,,,,,,,,,,,,,,e
00:01:42.752,,,,,,,,,,,,,,
00:01:42.614,,,,,,,,,,,,,,
00:01:42.477,#,l3,#,#,r3,#,,,,,,,,s
00:01:42.339,,,,,,,,,,,,,,
00:01:42.201,,,,,,,,,,,,,,
00:01:42.064,,,,,,,,,,,,,,
00:01:41.926,,,,,@3,,,,,,,,,
00:01:41.789,,,,,,,,,,,e,,,e
00:01:41.651,,,,,,,,,,,,,,
00:01:41.513,,,,,,,,,,,,,,
00:01:41.376,,,,,,,,,,,,,,
00:01:41.238,,,,,,,,,,,,,,
00:01:41.100,,,,,,,,,,,,,,s
00:01:40.963,,,,,,,,,,,,,,
00:01:40.825,,,,,$^3,,,,,,,,,
00:01:40.688,,,,,,,,,,,,,,
00:01:40.550,,,,,,,,,,,,,,e
00:01:40.412,,,,,,,,,,,,,,
00:01:40.275,,,,,,,,,,,,,,
00:01:40.137,,,,,,,,,,,,,,
00:01:40.000,,,,,,x3,,,,,s,,,
00:01:39.862,,,,,,,,,,,,,,
00:01:39.724,,,,,,,,,,,,,,
00:01:39.587,,,,,,,,,,,,,,
00:01:39.449,,,,,@3,,,,,,,,,
00:01:39.311,,,,,,,,,,,,,,
00:01:39.174,,,,,,,,,,,,,,
00:01:39.036,,,,,,,,,,,,,,
00:01:38.899,,,,,,,,,,,,,,s
00:01:38.761,,,,,,,,,,,,,,
00:01:38.623,,,,,$^3,,,,,,,,,s
00:01:38.486,,,,,,,,,,,,,,e
00:01:38.348,,,,,,,,,,,,,,
00:01:38.211,,,,,,,,,,,,,,
00:01:38.165,,x1,,,,,,,,,,,,
00:01:38.073,,,,,,,,,,,,,,
00:01:37.935,,,,,,,,,,,,,,
00:01:37.798,,,,,,,,,,,,,,
00:01:37.660,,,,,,,,,,,,,,
00:01:37.523,,,,,,,,,,,,,,
00:01:37.385,,x1,,,,,,,,,,,,
00:01:37.247,,,,,,,,,,,,,,
00:01:37.110,,,,,,,,,,,,,,
00:01:37.064,,,,,,,,,,,,,,
00:01:36.972,,,,,,,,,,,,,,s
00:01:36.834,,,,,,,,,,,,,,
00:01:36.697,*,r1,*,*,l1,#,,,,,,,,
00:01:36.559,,,,,,,,,,,,,,
00:01:36.422,,,,,,,,,,,,,,e
00:01:36.284,,,,,,,,,,,,,,
00:01:36.146,,,,,,,,,,,,,,
00:01:36.009,,,,,,,,,,,,,,
00:01:35.871,,,,,,,,,,,,,,
00:01:35.734,,,,,,,,,,,,,,
00:01:35.596,,,,,,,,,,,,,,e
00:01:35.458,,,,,,,,,,,,,,
00:01:35.321,,,,,@3,,,,,,,,,
00:01:35.183,,,,,,,,,,,,,,
00:01:35.045,,,,,,,,,,,,,,
00:01:34.908,,,,,,,,,,,,,,
00:01:34.770,,,,,,,,,,,,,,s
00:01:34.633,,,,,,,,,,,,,,
00:01:34.495,,,,,,,,,,,,,,
00:01:34.357,,,,,,,,,,,,,,e
00:01:34.220,,,,,$^3,,,,,,,,,
00:01:34.082,,,,,,,,,,,,,,
00:01:33.945,,,,,,,,,,,,,,
00:01:33.807,,,,,,,,,,,,,,
00:01:33.669,,,x3,,,,,,,,,,,
00:01:33.532,,,,,,,,,,,,,,
00:01:33.394,,,,,,,,,,,,,,
00:01:33.256,,,,,,,,,,,,,,
00:01:33.119,,x3,,,,,,,,,,,,
00:01:32.981,,,,,,,,,,,,,,
00:01:32.844,,,,,,,,,,,,,,
00:01:32.706,,,,,,,,,,,,,,
00:01:32.568,,,,,,,,,,,,,,s
00:01:32.430,,,,,,,,,,,,,,
00:01:32.293,x3,,,,,,,,,,,,,s
00:01:32.154,,,,,,,,,,,,,,e
00:01:32.016,,,,,,,,,,,,,,
00:01:31.878,,,,,,,,,,,,,,
00:01:31.740,,,,,,,,,,,,,,
00:01:31.602,,,,,,,,,,,,,,
00:01:31.463,,,,,,,,,,,,,,
00:01:31.325,,,,,,,,,,,,,,
00:01:31.187,,,,,,,,,,,,,,e
00:01:31.048,,,,,,,,,,,e,,,
00:01:30.909,@3,,,,,@3,,,,,,,,
00:01:30.770,,,,,,,,,,,,,,
00:01:30.632,,,,,,,,,,,,,,
00:01:30.493,,,,,,,,,,,,,,
00:01:30.354,,,,,,,,,,,,,,s
00:01:30.216,,,,,,,,,,,,,,
00:01:30.077,$^3,,,,,$^3,,,,,,,,
00:01:29.939,,,,,,,,,,,,,,
00:01:29.801,,,,,,,,,,,,,,
00:01:29.664,,,,,,,,,,,,,,
00:01:29.526,,x3,,,x3,,,,,,s,,,s
00:01:29.388,,,,,,,,,,,,,,
00:01:29.251,,,,,,,,,,,,,,
00:01:29.114,,,,,,,,,,,,,,
00:01:28.976,,,x2,,,,,,,,,,,
00:01:28.840,,,,,,,,,,,,,,
00:01:28.703,,,,,,,,,,,,,,
00:01:28.566,,,,,,,,,,,,,,
00:01:28.430,,x2,,,,,,,,,,,,
00:01:28.293,,,,,,,,,,,,,,
00:01:28.157,,,,,,,,,,,,,,
00:01:28.020,,,,,,,,,,,,,,
00:01:27.883,x2,,,,,,,,,,,,,
00:01:27.746,,,,,,,,,,,,,,e
00:01:27.609,,,,,,,,,,,,,,
00:01:27.472,,,,,,,,,,,,,,
00:01:27.335,,x3,,,x3,,,,,,,,,s
00:01:27.197,,,,,,,,,,,,,,
00:01:27.060,,,,,,,,,,,,,,
00:01:26.922,,,,,,,,,,,,,,
00:01:26.784,,,,,,,,,,,,,,e
00:01:26.646,,,,,,,,,,,,,,
00:01:26.508,,,,,,@3,,,,,,,,
00:01:26.370,,,,,,,,,,,,,,
00:01:26.232,,,,,,,,,,,,,,
00:01:26.093,,,,,,,,,,,,,,
00:01:25.955,,,,,,,,,,,,,,
00:01:25.816,,,,,,,,,,,,,,
00:01:25.677,,,,,,,,,,,,,,
00:01:25.539,,,,,,,,,,,,,,
00:01:25.401,,,,,,$^3,,,,,,,,
00:01:25.264,,,,,,,,,,,,,,
00:01:25.126,,,,,,,,,,,,,,
00:01:24.990,,,,,,,,,,,,,,
00:01:24.854,,,,,x3,,,,,,,,,
00:01:24.717,,,,,,,,,,,,,,
00:01:24.581,,,,,,,,,,,,,,
00:01:24.445,,,,,,,,,,,,,,
00:01:24.309,,,,,,x3,,,,,,,,s
00:01:24.173,,,,,,,,,,,,,,
00:01:24.037,,,,,,,,,,,,,,
00:01:23.900,,,,,,,,,,,,,,
00:01:23.762,,,,,,,,,,,,,,
00:01:23.624,,,,,,,,,,,,,,
00:01:23.486,,,,,,,,,,,,,,e
00:01:23.348,,,,,,,,,,,e,,,
00:01:23.209,,,,,>3,@3,,,,,,,,
00:01:23.071,,,,,,,,,,,,,,
00:01:22.932,,,,,,,,,,,,,,
00:01:22.794,,,,,,,,,,,,,,
00:01:22.655,,,,,,,,,,,,,,
00:01:22.516,,,,,,,,,,,,,,
00:01:22.378,,,,,,,,,,,,,,
00:01:22.239,,,,,^3,<3,,,,,,,,
00:01:22.101,,,,,,,,,,,,,,
00:01:21.963,,,,,,,,,,,,,,
00:01:21.824,,,,,,,,,,,,,,
00:01:21.686,,,,,,,,,,,,,,
00:01:21.547,,,,,,,,,,,,,,
00:01:21.409,,,,,,,,,,,,,,
00:01:21.270,,,,,$>3,^3,,,,,s,,,
00:01:21.132,,,,,,,,,,,,,,
00:01:20.994,,,,,,,,,,,,,,
00:01:20.855,,,,,,,,,,,,,,
00:01:20.717,,,,,,,,,,,,,,
00:01:20.579,,,,,,x3,,,,,,,,
00:01:20.440,,,,,,,,,,,,,,
00:01:20.302,,,,,,,,,,,,,,
00:01:20.164,,,,,,,,,,,,,,
00:01:20.026,,,,,,,,,,,,,,
00:01:19.887,,,,,x3,,,,,,,,,
00:01:19.749,,,,,,,,,,,,,,
00:01:19.611,,,,,,,,,,,,,,
00:01:19.473,,,,,x3,,,,,,,,,
00:01:19.335,,,,,,,,,,,,,,
00:01:19.197,,,,,,,,,,,,,,
00:01:19.058,,,,,,,,,,,,,,
00:01:18.920,,,,,,x3,,,,,,,,
00:01:18.782,,,,,,,,,,,,,,
00:01:18.644,,,,,,,,,,,,,,e
00:01:18.506,,,,,,,,,,,,,,
00:01:18.368,,x3,,,,,,,,,,,,
00:01:18.230,,,,,,,,,,,,,,
00:01:18.092,,,,,,,,,,,,,,
00:01:17.954,,,,,,,,,,,,,,
00:01:17.816,,,,,,,,,,,,,,
00:01:17.678,x3,,,,,,,,,,,,,
00:01:17.540,,,,,,,,,,,,,,
00:01:17.402,,,,,,,,,,,,,,
00:01:17.264,,,,,,,,,,,,,,
00:01:17.126,,,,,,,,,,,,,,
00:01:16.988,,,,,,,,,,,,,,
00:01:16.851,,,l3,,,,,,,,,,,
00:01:16.713,,,,,,,,,,,,,,
00:01:16.575,,,,,,,,,,,,,,
00:01:16.437,,,,,,,,,,,,,,
00:01:16.299,,,,,,,,,,,,,,
00:01:16.161,,x3,,,,,,,,,,,,
00:01:16.024,,,,,,,,,,,,,,
00:01:15.886,,,,,,,,,,,,,,
00:01:15.748,,,,,,,,,,,,,,
00:01:15.610,,,,,,,,,,,,,,
00:01:15.473,x3,,,,,,,,,,,,,s
00:01:15.335,,,,,,,,,,,,,,
00:01:15.197,,,,,,,,,,,,,,
00:01:15.060,,,,,,,,,,,,,,
00:01:14.922,,,,,,,,,,,,,,
00:01:14.784,,,,,,,,,,,,,,
00:01:14.647,,,,,,x2,,,,,,,,
00:01:14.509,,,,,,,,,,,,,,
00:01:14.371,,,,,,,,,,,,,,
00:01:14.234,,,,,,,,,,,,,,
00:01:14.096,,,,,x2,,,,,,,,,
00:01:13.959,,,,,,,,,,,,,,
00:01:13.821,,,,,,,,,,,,,,
00:01:13.683,,,,,,,,,,,,,,
00:01:13.546,,,,,,x2,,,,,,,,
00:01:13.408,,,,,,,,,,,,,,
00:01:13.271,,,,,,,,,,,,,,
00:01:13.133,,,,,,,,,,,,,,
00:01:12.995,,@3,,,,,,,,,e,,,e
00:01:12.858,,,,,,,,,,,,,,
00:01:12.720,,,,,,,,,,,,,,
00:01:12.582,,,,,,,,,,,,,,
00:01:12.445,,$^3,,,,,s,s,s,,,,,
00:01:12.307,,,,,,,,,,,,,,
00:01:12.170,,,,,,,,,,,s,,,
00:01:12.032,,,,,,,,,,,,,,e
00:01:11.894,,,,,,,,,,,,,,
00:01:11.757,,,,,x3,,,,,,,,,
00:01:11.619,,,,,,,,,,,,,,
00:01:11.482,,,,,,,,,,,,,,
00:01:11.344,,,,,,,,,,,,,,
00:01:11.206,,,,,,,,,,,,,,
00:01:11.069,,,,,,x3,,,,,,,,s
00:01:10.931,,,,,,,,,,,,,,
00:01:10.793,,,,,,,,,,,,,,s
00:01:10.656,,,,,,,,,,,,,,
00:01:10.518,,,,,,,,,,,,,,
00:01:10.381,,,,,,,e,e,e,,,,,
00:01:10.243,#,l2,#,*,r2,#,,,,,,,,
00:01:10.105,,,,,,,,,,,,,,
00:01:09.968,,,,,,,,,,,,,,
00:01:09.830,,,,,,,,,,,,,,
00:01:09.693,,x2,,,,,,,,,,,,
00:01:09.555,,,,,,,,,,,,,,
00:01:09.417,,,,,,,,,,,,,,e
00:01:09.280,,,,,,,,,,,,,,e
00:01:09.142,,,,,x2,,,,,,,,,
00:01:09.005,,,,,,,,,,,,,,
00:01:08.867,,,,,,,,,,,,,,
00:01:08.729,,,,,,,,,,,,,,
00:01:08.592,>3,@3,,,@3,<3,,,,,,,,
00:01:08.454,,,,,,,,,,,,,,
00:01:08.316,,,,,,,,,,,,,,
00:01:08.179,,,,,,,,,,,,,,
00:01:08.041,,,,,,,,,,,,,,
00:01:07.904,,,,,,,,,,,,,,
00:01:07.766,,,,,,,,,,,,,,
00:01:07.628,^3,$<3,,,$>3,^3,,,,,,,,
00:01:07.491,,,,,,,,,,,,,,
00:01:07.353,,,,,,,,,,,,,,
00:01:07.216,,,,,,,,,,,,,,
00:01:07.078,,,,,,,,,,,,,,
00:01:06.940,,,,,,,,,,,,,,
00:01:06.803,,,,,,,,,,,,,,
00:01:06.665,,,,r3,,,,,,,,,,
00:01:06.527,,,,,,,,,,,,,,
00:01:06.390,,,,,,,,,,,,,,s
00:01:06.252,,,,,,,,,,,,,,
00:01:06.115,,,,,,,,,,,,,,
00:01:05.977,,,,,,,,,,,,,,
00:01:05.839,,,,,,x3,,,,,e,e,e,s
00:01:05.702,,,,,,,,,,,,,,
00:01:05.564,,,,,,,,,,,,,,
00:01:05.427,,,,,,,,,,,,,,
00:01:05.289,,,,,,,,,,,,,,
00:01:05.151,,,,,,,,,,,,,,
00:01:05.014,,,,,,,,,,,,,,
00:01:04.876,,,,,,,,,,,,,,
00:01:04.738,,,,,,,,,,,,,,e
00:01:04.601,,,,,,,,,,,,,,
00:01:04.463,,@3,,,,,,,,,e,,,
00:01:04.326,,,,,,,,,,,,,,
00:01:04.188,,,,,,,,,,,s,s,s,s
00:01:04.050,,,,,,,,,,,,,,
00:01:03.913,,,,,,,,,,,,,,
00:01:03.775,,,,,,,,,,,,,,
00:01:03.638,,$^3,,,,,,,,,,,,
00:01:03.500,,,,,,,,,,,e,e,e,e
00:01:03.362,,,,,,,,,,,,,,
00:01:03.225,,,,,,,,,,,,,,
00:01:03.087,,,,,x3,,,,,,s,,,s
00:01:02.949,,,,,,,,,,,,,,
00:01:02.812,,,,,,,,,,,,,,
00:01:02.674,,,,,,,,,,,,,,
00:01:02.537,,x2,,,,,,,,,,,,
00:01:02.399,,,,,,,,,,,,,,
00:01:02.261,,,,,,,,,,,,,,
00:01:02.124,,,,,,,,,,,,,,
00:01:01.986,,,,,x2,,,,,,s,s,s,s
00:01:01.849,,,,,,,,,,,,,,
00:01:01.711,,,,,,,,,,,,,,
00:01:01.573,,,,,,,,,,,e,e,e,e
00:01:01.436,,x2,,,,,,,,,,,,
00:01:01.298,,,,,,,,,,,,,,
00:01:01.160,,,,,,,,,,,,,,
00:01:01.023,,,,,,,,,,,,,,
00:01:00.885,,,,,,x2,,,,,,,,
00:01:00.748,,,,,,,,,,,,,,
00:01:00.610,,,,,,,,,,,,,,
00:01:00.472,,,,,,,,,,,,,,
00:01:00.335,,,,,,,,,,,,,,e
00:01:00.197,,,,,,,,,,,,,,
00:01:00.060,,@3,,,,@3,,,,,,,,
00:00:59.922,,,,,,,,,,,,,,
00:00:59.784,,,,,,,,,,,s,s,s,s
00:00:59.647,,,,,,,,,,,,,,
00:00:59.509,,,,,,,,,,,,,,
00:00:59.371,,,,,,,,,,,,,,
00:00:59.234,,,,,,,,,,,,,,
00:00:59.096,,,,,,,,,,,e,e,e,e
00:00:58.959,,$^3,,,,$^3,,,,,,,,
00:00:58.821,,,,,,,,,,,,,,
00:00:58.683,,,,,,,,,,,,,,
00:00:58.546,,x3,,,x3,,,,,,,,,
00:00:58.408,,,,,,,,,,,,,,
00:00:58.271,,,,,,,,,,,,,,
00:00:58.133,,,,,,,,,,,,,,
00:00:57.995,,,,,,,,,,,,,,
00:00:57.858,,x3,,,,x3,,,,,,,,s
00:00:57.720,,,,,,,,,,,,,,
00:00:57.582,,,,,,,,,,,s,s,s,s
00:00:57.445,,,,,,,,,,,,,,
00:00:57.307,,,,,,,,,,,,,,
00:00:57.170,,,,,,,,,,,,,,
00:00:57.032,,,,,,,,,,,,,,
00:00:56.894,,,,,,,,,,,e,e,e,e
00:00:56.757,,,,,,,,,,,,,,e
00:00:56.619,,,,,,,,,,,,,,
00:00:56.482,,@3,,,,,,,,,,,,
00:00:56.344,,,,,,,,,,,,,,
00:00:56.206,,,,,,,,,,,,,,
00:00:56.069,,,,,,,,,,,,,,
00:00:55.931,,,,,,,,,,,,,,
00:00:55.794,,,,,,,,,,,,,,
00:00:55.656,,,,,,,,,,,,,,
00:00:55.518,,,,,,,,,,,,,,
00:00:55.381,,,,,,,,,,,s,s,s,s
00:00:55.243,,,,,,,,,,,,,,
00:00:55.105,,,,,,,,,,,,,,
00:00:54.968,,,,,,,,,,,,,,
00:00:54.830,,$^3,,,,,,,,,,,,
00:00:54.693,,,,,,,,,,,e,e,e,e
00:00:54.555,,,,,,,,,,,,,,
00:00:54.417,,,,,,,,,,,,,,
00:00:54.280,,,,,x3,,,,,,,,,
00:00:54.142,,,,,,,,,,,,,,
00:00:54.005,,,,,,,,,,,,,,
00:00:53.867,,,,,,,,,,,,,,
00:00:53.729,,,,,,,,,,,,,,
00:00:53.592,,,,,,x3,,,,,,,,
00:00:53.454,,,,,,,,,,,,,,
00:00:53.316,,,,,,,,,,,,,,
00:00:53.179,,,,,,,,,,,s,s,s,s
00:00:53.041,,,,,,,,,,,,,,
00:00:52.904,,l3,,,,,,,,,,,,
00:00:52.766,,,,,,,,,,,e,e,e,e
00:00:52.628,,,,,,,,,,,,,,
00:00:52.491,,,,,,,,,,,,,,
00:00:52.353,,,,,,,,,,,,,,
00:00:52.216,,,,,,,,,,,,,,
00:00:52.078,,,,,,,,,,,,,,
00:00:51.940,,,,,x3,,,,,,,,,
00:00:51.803,,,,,,,,,,,,,,
00:00:51.665,,,,,,,,,,,,,,
00:00:51.527,,,,,,,,,,,,,,
00:00:51.390,,,,,,,,,,,,,,
00:00:51.252,,,,,,x3,,,,,,,,
00:00:51.115,,,,,,,,,,,,,,
00:00:50.977,,,,,,,,,,,s,s,s,s
00:00:50.839,,,,,,,,,,,,,,
00:00:50.702,,,,,,,,,,,,,,
00:00:50.564,,,,,,,,,,,,,,
00:00:50.427,,,,,,,,,,,,,,
00:00:50.289,,,,,,,,,,,,,,
00:00:50.151,,l3,,,,,,,,,,,,
00:00:50.014,,,,,,,,,,,,,,
00:00:49.876,,,,,,,,,,,,,,
00:00:49.738,,,,,x3,,,,,,,,,
00:00:49.601,,,,,,,,,,,,,,
00:00:49.463,,,,,,,,,,,,,,
00:00:49.326,,,,,,,,,,,,,,
00:00:49.188,,,,,,,,,,,,,,
00:00:49.050,,,,,,x3,,,,,,,,s
00:00:48.913,,,,,,,,,,,,,,
00:00:48.775,,,,,,,,,,,,,,
00:00:48.638,,,,,,,,,,,,,,
00:00:48.500,,,,,,,,,,,,,,
00:00:48.362,,,,,,,,,,,,,,
00:00:48.225,,,,,,,,,,,,,,e
00:00:48.087,,,,,,,,,,,,,,
00:00:47.949,,,,,,,,,,,,,,
00:00:47.812,,,,,,,,,,,,,,
00:00:47.674,,,,,,,,,,,,,,
00:00:47.537,,,,,,,,,,,,,,
00:00:47.399,,,,,,,,,,,,,,e
00:00:47.261,,,,,,,,,,,,,,
00:00:47.124,,@3,,,@3,,,,,,,,,
00:00:46.986,,,,,,,,,,,,,,
00:00:46.849,,,,,,,,,,,,,,
00:00:46.711,,,,,,,,,,,,,,
00:00:46.573,,,,,,,,,,,,,,s
00:00:46.436,,,,,,,,,,,,,,
00:00:46.298,,$^3,,,$^3,,,,,,,,,
00:00:46.160,,,,,,,,,,,,,,
00:00:46.023,,,,,,,,,,,,,,
00:00:45.885,,,,,,,,,,,,,,e
00:00:45.748,,x3,,,x3,,,,,,,,,
00:00:45.610,,,,,,,,,,,,,,
00:00:45.472,,,,,,,,,,,,,,
00:00:45.335,,x3,,,x3,,,,,,,,,
00:00:45.197,,,,,,,,,,,,,,
00:00:45.060,,,,,,,,,,,,,,
00:00:44.922,,,,,,,,,,,,,,
00:00:44.784,,,,,,,,,,,,,,
00:00:44.647,,x3,,,x3,,,,,,,,,s
00:00:44.509,,,,,,,,,,,,,,
00:00:44.371,,,,,,,,,,,,,,
00:00:44.234,,,,,,,,,,,,,,
00:00:44.096,,,,,,,,,,,,,,s
00:00:43.959,,,,,,,,,,,,,,
00:00:43.821,,,,,,x2,,,,,,,,
00:00:43.683,,,,,,,,,,,,,,e
00:00:43.546,,,,,,,,,,,,,,
00:00:43.408,,,,,,,,,,,,,,
00:00:43.271,,,,,x2,,,,,,,,,
00:00:43.133,,,,,,,,,,,,,,
00:00:42.995,,,,,,,,,,,,,,
00:00:42.858,,,,,,,,,,,,,,
00:00:42.720,,,,,,x2,,,,,,,,
00:00:42.583,,,,,,,,,,,,,,
00:00:42.445,,,,,,,,,,,,,,
00:00:42.307,,,,,,,,,,,,,,
00:00:42.170,,@3,,,,,,,,,,,,e
00:00:42.032,,,,,,,,,,,,,,
00:00:41.894,,,,,,,,,,,,,,s
00:00:41.757,,,,,,,,,,,,,,
00:00:41.619,,,,,,,s,s,s,,,,,e
00:00:41.482,,,,,,,,,,,,,,
00:00:41.344,,$^3,,,,,,,,,,,,
00:00:41.206,,,,,,,,,,,,,,
00:00:41.069,,,,,,,,,,,,,,
00:00:40.931,,,,,x3,,,,,,,,,
00:00:40.794,,,,,,,,,,,,,,
00:00:40.656,,,,,,,,,,,,,,
00:00:40.518,,,,,,,,,,,,,,
00:00:40.381,,,,,,,,,,,,,,
00:00:40.243,,,,,,x3,,,,,,,,s
00:00:40.105,,,,,,,,,,,,,,
00:00:39.968,,,,,,,,,,,,,,
00:00:39.830,,,,,,,,,,,,,,
00:00:39.693,,,,,,,,,,,,,,s
00:00:39.555,,,,,,,,,,,,,,
00:00:39.417,*,r3,*,*,l3,#,,,,,,,,
00:00:39.284,,,,,,,,,,,,,,e
00:00:39.151,,,,,,,,,,,,,,
00:00:39.017,,,,,,,e,,,,,,,
00:00:38.884,,,,x2,,,,,,,,,,
00:00:38.745,,,,,,,,,,,,,,
00:00:38.607,,,,,,,,,,,,,,
00:00:38.468,,,,,,,,,,,,,,
00:00:38.330,,,,,x2,,,,,,,,,
00:00:38.192,,,,,,,,,,,,,,
00:00:38.054,,,,,,,,,,,,,,
00:00:37.916,,,,,,,,,,,,,,
00:00:37.779,,,,,,x2,,,,,,,,
00:00:37.640,,,,,,,,,,,,,,
00:00:37.502,,,,,,,,,,,,,,s
00:00:37.364,,,,,,,,,,,,,,
00:00:37.226,,,,,x2,,,,,,,,,e
00:00:37.086,,,,,,,,,,,,,,
00:00:36.947,,,,,,,,,,,,,,
00:00:36.808,,,,,,,,,,,,,,
00:00:36.669,,,,x2,,,,,,,,,,
00:00:36.531,,,,,,,,,,,,,,
00:00:36.394,,,,,,,,,,,,,,
00:00:36.257,,,,,,,,,,,,,,
00:00:36.119,,,,,x2,,,,,,,,,
00:00:35.982,,,,,,,,,,,,,,
00:00:35.845,,,,,,,,,,,,,,
00:00:35.707,,,,,,,,,,,,,,
00:00:35.570,,,,,,x2,,,,,,,,
00:00:35.434,,,,,,,,,,,,,,
00:00:35.299,,,,,,,,,,,,,,s
00:00:35.164,,,,,,,,,,,,,,
00:00:35.028,>1,@1,,,,,,,,,,,,
00:00:34.893,,,,,,,,,,,,,,e
00:00:34.757,,,,,,,,,,,,,,
00:00:34.621,,,,,,,,,,,,,,
00:00:34.485,,,,,,,,,,,,,,
00:00:34.346,,,,,,,,,,,,,,
00:00:34.206,,,,,,,,,,,,,,
00:00:34.067,,,,,,,,,,,,,,
00:00:33.927,^1,<1,,,,,,,,,,,,
00:00:33.787,,,,,,,,,,,,,,
00:00:33.646,,,,,,,,,e,,,,,
00:00:33.506,,,,,,,,,,,,,,
00:00:33.365,,,,,,,,,,,,,,
00:00:33.227,,,,,,,,,,,,,,
00:00:33.088,,,,,,,,,,,,,,s
00:00:32.950,,,,,,,,,,,,,,
00:00:32.811,,$^1,,,,,,,,,,,,
00:00:32.673,,,,,,,,,,,,,,e
00:00:32.536,,,,,,,,,,,,,,
00:00:32.398,,,,,@1,,,,,,,,,
00:00:32.261,,,,,,,,,,,,,,
00:00:32.123,,,,,,,,,,,,,,
00:00:31.985,,,,,,,,,,,,,,
00:00:31.848,,,,,,,,,,,,,,
00:00:31.710,,,,,$^1,,,,s,,,,,
00:00:31.574,,,,,,,,,,,,,,
00:00:31.439,,,,,,,,,,,,,,
00:00:31.303,,,,,,,,,,,,,,
00:00:31.167,,x2,,,,,,,,,,,,
00:00:31.032,,,,,,,,,,,,,,
00:00:30.898,,,,,,,,,,,,,,s
00:00:30.763,,,,,,,,,,,,,,
00:00:30.628,,,x2,,,,,,,,,,,
00:00:30.489,,,,,,,,,,,,,,e
00:00:30.351,,,,,,,,,,,,,,
00:00:30.212,,,,,,,,,,,,,,
00:00:30.073,,x2,,,,,,,,,,,,
00:00:29.938,,,,,,,,,,,,,,
00:00:29.802,,,,,,,,,,,,,,
00:00:29.666,,,,,,,,,,,,,,
00:00:29.531,x2,,,,,,,,,,,,,
00:00:29.390,,,,,,,,,,,,,,
00:00:29.249,,,,,,,,,,,,,,
00:00:29.108,,,,,,,,,,,,,,
00:00:28.967,,,,,,@1,,,e,,,,,
00:00:28.831,,,,,,,,,,,,,,
00:00:28.694,,,,,,,,,,,,,,s
00:00:28.558,,,,,,,,,,,,,,
00:00:28.421,,,,,,,,,,,,,,e
00:00:28.283,,,,,,,,,,,,,,
00:00:28.145,,,,,,,,,,,,,,
00:00:28.007,,,,,,$^1,,,,,,,,
00:00:27.868,,,,,,,,,,,,,,
00:00:27.730,,,,,,,,,,,,,,
00:00:27.592,,,,,,,,,,,,,,
00:00:27.454,,,,,,,,,,,,,,
00:00:27.316,,,,,x1,,,,s,,,,,
00:00:27.179,,,,,,,,,,,,,,
00:00:27.041,,,,,,,,,,,,,,
00:00:26.903,,,,,,,,,,,,,,
00:00:26.766,,,x2,,,,,,,,,,,
00:00:26.627,,,,,,,,,,,,,,
00:00:26.489,,,,,,,,,,,,,,s
00:00:26.351,,,,,,,,,,,,,,
00:00:26.213,,x2,,,,,,,,,,,,
00:00:26.073,,,,,,,,,,,,,,e
00:00:25.933,,,,,,,,,,,,,,
00:00:25.794,,,,,,,,,,,,,,
00:00:25.654,x2,,,,,,,,,,,,,
00:00:25.518,,,,,,,,,,,,,,
00:00:25.382,,,,,,,,,e,,,,,
00:00:25.245,,,,,,,,,,,,,,
00:00:25.109,,,,,,x1,,,,,,,,
00:00:25.019,,,,,,,,,,,,,,
00:00:24.974,,,,,,,,,,,,,,
00:00:24.929,,,,,,,,,,,,,,
00:00:24.839,,,,,,,,,,,,,,
00:00:24.704,,,,,,,,,,,,,,
00:00:24.569,,,,,@1,,,,,,,,,s
00:00:24.430,,,,,,,,,,,,,,
00:00:24.290,,,,,,,,,,,,,,e
00:00:24.150,,,,,,,,,,,,,,
00:00:24.010,,,,,$^1,,,,s,,,,,
00:00:23.871,,,,,,,,,,,,,,
00:00:23.732,,,,,,,,,,,,,,
00:00:23.593,,,,,,,,,,,,,,
00:00:23.454,x2,,,,,,,,,,,,,
00:00:23.319,,,,,,,,,,,,,,
00:00:23.183,,,,,,,,,,,,,,
00:00:23.047,,,,,,,,,,,,,,
00:00:22.911,,x2,,,,,,,,,,,,
00:00:22.776,,,,,,,,,,,,,,
00:00:22.640,,,,,,,,,,,,,,
00:00:22.505,,,,,,,,,,,,,,
00:00:22.369,,,x2,,,,,,,,,,,s
00:00:22.230,,,,,,,,,,,,,,
00:00:22.091,,,,,,,,,,,,,,
00:00:21.952,,,,,,,,,,,,,,
00:00:21.813,,,,,,,,,,,,,,e
00:00:21.675,,,,,,,,,,,,,,
00:00:21.536,,,,,,,,,,,,,,
00:00:21.397,,,,,,,,,,,,,,
00:00:21.258,,x2,,,,,,,,,,,,
00:00:21.125,,,,,,,,,,,,,,
00:00:20.991,,,,,,,,,,,,,,
00:00:20.858,,,,,,,,,,,,,,
00:00:20.724,,,,,,,,,,,,,,
00:00:20.581,,,,,,,,,,,,,,
00:00:20.437,,,,,,,,,,,,,,
00:00:20.293,,,,,,,,,,,,,,
00:00:20.149,x2,,,,,,s,,,,,,,
00:00:20.021,,,,,,,,,,,,,,s
00:00:19.892,,,,,,,,,,,,,,
00:00:19.763,,,,,,,,,,,,,,
00:00:19.634,#,l3,#,#,r3,#,,,,,,,,
00:00:19.510,,,,,,,,,,,,,,
00:00:19.386,,,,,,,,,,,,,,
00:00:19.262,,,,,,,,,,,,,,
00:00:19.138,,,,,,,,,,,,,,
00:00:19.012,,,,,,,,,,,,,,
00:00:18.886,,,,,,,,,,,,,,
00:00:18.759,,,,,,,,,,,,,,
00:00:18.633,,,,,,,,,,,,,,
00:00:18.501,,,,,,,,,,,,,,
00:00:18.368,,,,,,,,,,,,,,
00:00:18.236,,,,,,,,,,,,,,
00:00:18.104,,,,,,,,,,,,,,
00:00:17.966,,,,,,,,,,,,,,
00:00:17.828,,,,,,,,,,,,,,
00:00:17.689,,,,,,,,,,,,,,e
00:00:17.551,,@2,,,@3,,,,,,,,,
00:00:17.480,,,,,,,,,,,,,,
00:00:17.409,,,,,,,,,,,,,,
00:00:17.339,,,,,,,,,,,,,,
00:00:17.268,,,,,,,,,,,,,,
00:00:17.197,,,,,,,,,,,,,,
00:00:17.126,,,,,,,,,,,,,,
00:00:17.056,,,,,,,,,,,,,,
00:00:16.985,,,,,,,,,,,,,,
00:00:16.914,,,,,,,,,,,,,,
00:00:16.843,,,,,,,,,,,,,,
00:00:16.773,,,,,,,,,,,,,,
00:00:16.702,,,,,,,,,,,,,,s
00:00:16.631,,,,,,,,,,,,,,
00:00:16.560,,,,,,,,,,,,,,e
00:00:16.490,,,,,,,,,,,,,,
00:00:16.419,,$^2,,,,,,,,,,,,
00:00:16.277,,,,,,,,,,,,,,
00:00:16.136,,,,,,,,,,,,,,
00:00:15.994,,,,,,,,,,,,,,
00:00:15.853,,,,,,,,,,,,,,
00:00:15.711,,,,,,,,,,,,,,
00:00:15.570,,,,,,,,,,,,,,
00:00:15.428,,,,,,,,,,,,,,
00:00:15.287,,,,,$^3,,,,,,,,,
00:00:15.145,,,,,,,,,,,,,,
00:00:15.004,,,,,,,,,,,,,,
00:00:14.862,,@3,,,,,,,,,,,,
00:00:14.721,,,,,,,,,,,,,,s
00:00:14.579,,,,,,,,,,,,,,
00:00:14.438,,,,,,,,,,,,,,
00:00:14.296,,,,,,,,,,,,,,
00:00:14.155,,$^3,,,,,,,,,,,,e
00:00:14.013,,,,,,,,,,,,,,
00:00:13.872,,,,,,,,,,,,,,
00:00:13.730,@3,,,,,,,,,,,,,
00:00:13.589,,,,,,,,,,,,,,
00:00:13.447,,,,,,,,,,,,,,
00:00:13.306,,,,,,,,,,,,,,
00:00:13.164,,,,,,,,,,,,,,
00:00:13.023,$^3,,,,,,,,,,,,,
00:00:12.882,,,,,,,,,,,,,,
00:00:12.741,,,,,,,,,,,,,,
00:00:12.601,,,,,,,,,,,,,,
00:00:12.460,,,,,x3,,,,,,,,,s
00:00:12.321,,,,,,,,,,,,,,
00:00:12.182,,,,,,,,,,,,,,
00:00:12.043,,,,,,,,,,,,,,
00:00:11.904,,,,,,x3,,,,,,,,e
00:00:11.766,,,,,,,,,,,,,,
00:00:11.629,,,,,,,,,,,,,,
00:00:11.491,,@3,,,,,,,,,,,,
00:00:11.354,,,,,,,,,,,,,,
00:00:11.218,,,,,,,,,,,,,,
00:00:11.082,,,,,,,,,,,,,,
00:00:10.946,,,,,,,,,,,,,,
00:00:10.810,,$^3,,,,,,,,,,,,
00:00:10.675,,,,,,,,,,,,,,
00:00:10.540,,,,,,,,,,,,,,
00:00:10.405,@3,,,,,,,,,,,,,
00:00:10.270,,,,,,,,,,,,,,s
00:00:10.135,,,,,,,,,,,,,,
00:00:10.000,,,,,,,,,,,,,,e
00:00:09.864,,,,,,,,,,,,,,
00:00:09.729,$^3,,,,,,,,,,,,,
00:00:09.594,,,,,,,,,,,,,,
00:00:09.459,,,,,,,,,,,,,,
00:00:09.324,,,,,@3,,,,,,,,,
00:00:09.189,,,,,,,,,,,,,,
00:00:09.054,,,,,,,,,,,,,,
00:00:08.918,,,,,,,,,,,,,,
00:00:08.783,,,,,,,,,,,,,,
00:00:08.648,,,,,$^3,,,,,,,,,
00:00:08.513,,,,,,,,,,,,,,
00:00:08.378,,,,,,,,,,,,,,
00:00:08.243,,,,,,,,,,,,,,
00:00:08.108,,,,,,x3,,,,,,,,s
00:00:07.972,,,,,,,,,,,,,,
00:00:07.837,,,,,,,,,,,,,,
00:00:07.702,,,,,,,,,,,,,,e
00:00:07.567,,x3,,,,,,,,,,,,
00:00:07.432,,,,,,,,,,,,,,
00:00:07.297,,,,,,,,,,,,,,
00:00:07.162,@3,,,,,,,,,,,,,
00:00:07.027,,,,,,,,,,,,,,
00:00:06.891,,,,,,,,,,,,,,
00:00:06.756,,,,,,,,,,,,,,
00:00:06.621,,,,,,,,,,,,,,
00:00:06.486,$^3,,,,,,,,,,,,,
00:00:06.351,,,,,,,,,,,,,,
00:00:06.216,,,,,,,,,,,,,,
00:00:06.081,,,,,@3,,,,,,,,,
00:00:05.945,,,,,,,,,,,,,,s
00:00:05.810,,,,,,,,,,,,,,
00:00:05.675,,,,,,,,,,,,,,
00:00:05.540,,,,,,,,,,,,,,e
00:00:05.405,,,,,$^3,,,,,,,,,
00:00:05.270,,,,,,,,,,,,,,
00:00:05.135,,,,,,,,,,,,,,
00:00:05.000,,,,,,@3,,,,,,,,
00:00:04.864,,,,,,,,,,,,,,
00:00:04.729,,,,,,,,,,,,,,
00:00:04.594,,,,,,,,,,,,,,
00:00:04.459,,,,,,,,,,,,,,
00:00:04.324,,,,,,$^3,,,,,,,,
00:00:04.189,,,,,,,,,,,,,,
00:00:04.054,,,,,,,,,,,,,,
00:00:03.918,,@3,,,,,,,,,,,,
00:00:03.783,,,,,,,,,,,,,,s
00:00:03.648,,,,,,,,,,,,,,
00:00:03.513,,,,,,,,,,,,,,
00:00:03.378,,,,,,,,,,,,,,
00:00:03.243,,$^3,,,,,,,,,,,,e
00:00:03.108,,,,,,,,,,,,,,
00:00:02.972,,,,,,,,,,,,,,
00:00:02.837,@3,,,,,,,,,,,,,
00:00:02.702,,,,,,,,,,,,,,
00:00:02.567,,,,,,,,,,,,,,
00:00:02.432,,,,,,,,,,,,,,
00:00:02.297,,,,,,,,,,,,,,
00:00:02.162,$^3,,,,,,,,,,,,,
00:00:02.027,,,,,,,,,,,,,,
00:00:01.891,,,,,,,,,,,,,,
00:00:01.756,,,,,,,,,,,,,,
00:00:01.621,,,,,,,,,,,,,,s
00:00:01.486,,,,,,,,,,,,,,
00:00:01.351,,,,,,,,,,,,,,
00:00:01.216,,,,,,,,,,,,,,
00:00:01.081,,,,,,,,,,,,,,
00:00:00.945,,,,,,,,,,,,,,
00:00:00.810,,,,,,,,,,,,,,
00:00:00.675,,,,,,,,,,,,,,
00:00:00.540,,,,,,,,,,,,,,
00:00:00.405,,,,,,,,,,,,,,
00:00:00.270,,,,,,,,,,,,,,
00:00:00.135,,,,,,,,,,,,,,
00:00:00.000,,,*,*,,,,,,,,,,